18.08	43.1	93	7	0	0	1	1	0	5	4	0	0	0	0	0	0	0	1	0	0	0	0	0	
18.18	42.8	445	25	2	0	5	4	0	14	14	1	0	0	0	1	1	0	4	1	1	1	1	4	
18.2	42.45	351	22	0	3	3	1	2	7	2	0	0	0	0	0	1	2	2	0	0	0	0	3	
18.2	42.5	1163	94	5	2	23	13	7	52	27	1	0	0	0	2	5	6	7	3	8	0	6	16	
18.2	42.8	404	10	1	0	5	1	0	12	8	1	0	0	0	0	0	2	1	0	2	1	0	3	
18.22	42.45	520	39	3	2	14	4	2	17	10	2	0	0	0	1	1	1	4	0	0	0	2	6	
18.22	42.5	710	56	1	2	14	4	0	22	12	3	0	0	0	3	1	4	1	0	3	1	0	11	
18.22	42.55	590	38	3	3	8	4	2	26	14	0	0	0	0	2	1	4	2	1	4	1	0	5	
18.22	42.75	311	14	0	0	1	1	0	9	0	1	0	0	0	1	0	1	1	0	1	0	1	3	
18.24	42.55	242	15	1	0	4	2	1	6	7	0	0	0	0	1	1	0	3	0	2	0	1	4	
18.24	42.75	604	37	4	1	11	6	1	26	11	1	0	0	0	0	1	1	1	1	2	2	0	9	
18.26	42.65	106	6	0	1	0	3	0	5	2	0	0	0	0	0	0	0	0	0	1	0	1	0	
18.26	42.7	167	14	1	0	1	2	0	5	3	0	0	0	0	0	0	0	1	1	2	0	0	3	
18.26	42.75	259	17	2	0	2	0	0	13	5	0	0	0	0	1	1	0	1	0	0	0	0	3	
18.28	42.65	237	10	0	0	3	1	0	7	7	0	0	0	0	0	0	1	2	0	0	0	3	1	
18.28	42.7	681	36	0	4	8	7	0	31	17	1	0	0	0	1	1	1	2	1	3	1	0	8	
18.28	42.75	458	18	1	0	5	0	1	17	9	1	0	0	0	1	1	1	0	1	2	0	2	4	
18.3	42.65	366	23	1	1	11	2	0	15	6	0	0	0	0	1	1	0	2	0	1	0	0	6	
18.3	42.7	953	48	5	4	18	9	4	30	18	2	0	0	0	2	4	3	5	1	8	2	4	10	
18.3	42.75	418	18	2	0	3	2	1	8	7	1	0	0	0	4	0	3	2	2	1	0	0	3	
18.32	42.65	206	12	0	0	2	0	0	7	1	1	0	0	0	0	0	0	0	0	0	0	0	4	
18.32	42.7	294	11	1	2	6	2	0	7	5	1	0	1	0	0	0	1	0	0	3	0	0	8	
18.32	42.75	259	11	1	1	7	0	2	7	8	0	0	0	0	0	0	1	0	1	1	0	0	3	
18.34	42.8	79	8	1	0	3	0	1	4	5	0	0	0	0	1	0	0	0	0	2	0	0	2	
18.54	42.05	258	11	3	2	1	3	0	6	7	0	0	0	0	1	0	0	0	0	1	0	1	1	
18.54	43.35	12	2	1	1	2	1	1	0	0	0	0	0	0	0	0	1	0	0	1	0	0	1	
18.7	43.65	22	1	1	1	1	1	0	0	0	0	0	0	0	0	1	1	1	0	1	1	0	1	
18.8	42.85	38	2	0	0	1	1	0	1	1	0	0	0	0	0	2	0	1	0	0	0	0	2	
19.06	41.65	11	0	0	0	0	0	0	0	1	0	0	0	0	0	0	0	0	1	0	0	0	0	
19.08	41.75	26	3	1	0	0	0	0	1	1	1	0	0	0	0	0	0	0	0	0	0	0	1	
19.1	41.75	26	2	1	0	1	1	1	0	2	0	0	0	0	0	0	0	0	0	0	0	0	1	
19.16	41.5	31	1	0	0	0	0	0	0	0	0	0	0	0	0	0	0	0	0	0	0	1	0	
19.28	41.8	23	2	0	0	1	0	0	2	2	1	0	0	0	0	0	0	0	0	0	0	0	1	
19.58	41.5	43	3	0	0	2	0	0	3	0	0	0	0	0	0	0	0	0	0	1	0	0	1	
19.6	37.2	23	5	0	0	3	1	0	4	0	0	0	0	0	0	0	0	2	0	0	1	0	1	
19.6	41.5	32	3	0	0	1	0	0	2	1	0	0	0	0	0	0	0	0	0	0	0	1	0	
19.74	41.4	84	6	0	0	2	0	0	2	2	0	0	0	0	0	0	1	0	0	0	0	0	0	
19.82	41.7	38	4	1	0	3	0	2	7	0	0	0	0	0	1	0	0	2	0	3	1	0	3	
19.82	42.5	39	3	0	0	1	0	0	1	2	0	0	0	0	0	0	0	1	0	0	0	2	2	
19.92	41.55	41	1	1	0	0	1	0	0	1	0	0	0	0	0	0	0	0	0	0	0	0	0	
19.94	41.2	122	5	2	0	1	2	0	4	3	1	0	0	0	1	0	0	1	1	0	0	0	1	
19.98	42.35	30	2	0	0	0	0	0	0	2	0	0	0	0	0	0	0	0	0	0	0	0	1	
19.98	42.55	123	5	1	0	2	0	1	6	2	0	0	0	0	0	0	1	0	0	1	0	0	3	
20.0	41.45	381	31	2	1	11	1	0	8	11	0	0	0	0	0	0	2	0	3	0	0	0	2	
20.0	42.6	416	17	3	3	10	3	0	4	6	0	1	0	0	0	1	5	2	0	0	0	0	7	
20.14	40.25	254	14	0	0	6	1	1	10	5	0	0	0	0	1	1	4	1	0	1	0	2	2	
20.7	40.9	8	1	1	0	1	1	0	1	0	0	0	0	0	1	0	1	1	0	0	0	0	1	
21.2	40.6	51	4	1	0	4	1	0	1	3	0	0	0	0	0	1	1	2	0	1	0	0	1	
21.22	40.4	344	29	1	1	5	4	2	11	7	0	0	0	0	0	0	2	0	1	2	1	0	5	
21.240000000000002	40.35	265	19	0	0	8	2	0	13	6	0	0	0	0	0	0	1	0	0	2	0	2	2	
21.240000000000002	40.4	1430	100	7	5	28	16	3	71	39	4	0	0	0	5	3	5	7	0	7	1	2	25	
21.26	40.35	486	48	2	1	10	6	1	20	11	1	0	0	0	1	1	3	1	0	2	2	0	9	
21.26	40.4	2321	172	17	5	63	19	4	105	64	3	0	0	0	8	8	14	11	3	19	2	7	30	
21.26	40.45	287	13	2	1	2	0	0	8	5	0	0	0	0	0	0	0	1	1	1	0	0	2	
21.28	40.35	284	20	2	3	9	3	3	10	2	1	0	0	0	3	3	2	2	2	2	1	1	6	
21.28	40.4	1638	107	7	6	38	14	5	59	33	1	0	0	0	5	3	5	10	5	8	1	2	32	
21.3	39.2	81	5	3	0	4	0	3	6	1	2	0	0	0	0	0	0	1	0	1	0	0	3	
21.3	40.4	415	19	1	0	11	1	0	4	8	1	0	0	0	1	0	0	2	1	3	1	0	6	
21.32	39.9	336	60	6	3	14	2	8	8	36	1	0	0	0	1	2	1	1	1	2	1	0	10	
21.32	40.4	323	20	0	0	12	1	0	10	4	1	0	0	0	1	1	2	1	0	0	1	2	7	
21.34	39.75	312	33	3	1	9	2	2	13	5	0	0	0	0	1	2	4	1	0	2	0	0	8	
21.34	39.8	241	26	1	0	4	3	1	15	4	1	0	0	0	0	2	0	0	2	0	0	1	8	
21.34	39.85	428	72	3	4	19	9	2	21	11	0	0	0	0	2	2	5	2	0	5	1	1	15	
21.34	39.9	383	52	8	5	20	10	3	16	6	0	0	0	0	2	6	5	4	2	6	2	1	14	
21.34	39.95	23	14	0	2	29	0	0	1	2	0	0	0	0	0	0	0	0	1	0	0	0	0	
21.34	40.25	191	24	2	1	10	5	2	5	5	0	0	0	0	0	0	1	1	0	0	0	1	5	
21.34	40.4	572	45	3	1	7	5	0	24	11	0	0	0	0	2	0	1	3	1	8	1	1	10	
21.34	40.45	280	18	1	0	5	0	0	9	8	1	0	0	0	0	0	0	0	1	2	0	0	6	
21.36	39.2	79	5	0	2	2	1	1	4	0	0	0	0	0	1	0	0	0	0	1	0	0	2	
21.36	39.65	100	44	0	0	2	0	0	0	2	1	0	0	0	0	0	1	0	0	0	0	0	3	
21.36	39.75	701	116	10	10	29	15	6	33	20	2	0	0	0	10	0	3	4	3	8	2	5	18	
21.36	39.8	605	79	5	4	24	8	4	24	7	2	0	0	0	3	5	5	4	0	7	0	1	10	
21.36	39.85	399	59	1	3	11	6	2	15	5	0	0	0	0	2	4	3	4	0	2	0	3	8	
21.36	40.25	181	21	0	3	15	2	1	6	5	0	0	0	0	0	0	1	1	1	0	0	0	1	
21.38	39.15	128	7	0	1	2	1	1	3	2	1	0	0	0	0	0	1	1	0	0	1	0	1	
21.38	39.25	364	20	1	1	7	1	1	16	9	1	0	0	0	0	0	1	0	0	1	0	0	4	
21.38	39.4	344	61	1	1	6	3	0	6	5	0	0	0	0	0	0	2	1	1	4	0	0	2	
21.38	39.7	187	23	1	0	8	2	0	4	3	0	0	0	0	1	0	0	2	0	0	0	0	3	
21.38	39.75	659	87	9	12	35	11	4	37	20	1	0	0	0	6	5	7	6	0	6	4	3	18	
21.38	39.8	1021	99	5	9	37	13	5	33	22	0	0	0	0	10	2	6	7	3	4	1	1	20	
21.38	39.85	1140	170	9	7	48	20	3	64	21	2	0	0	0	4	8	5	8	2	10	1	0	20	
21.4	39.2	242	30	2	1	5	5	1	6	1	0	0	0	0	0	1	2	1	0	1	0	0	3	
21.4	39.25	670	34	5	3	10	3	3	34	8	1	0	0	0	5	2	1	2	1	2	0	2	9	
21.4	39.3	283	42	0	1	7	1	1	8	2	0	0	0	0	2	2	0	0	1	0	0	0	5	
21.4	39.35	197	24	1	2	12	1	1	8	1	0	0	0	0	0	1	1	1	0	0	0	1	2	
21.4	39.4	238	19	0	1	1	1	1	11	3	2	0	0	0	2	0	1	1	0	0	0	0	6	
21.4	39.45	264	13	2	0	6	1	0	7	7	0	0	0	0	0	0	1	1	0	1	0	2	4	
21.4	39.7	292	31	2	5	14	3	0	15	7	0	0	0	0	3	0	5	3	0	1	1	0	6	
21.4	39.75	995	152	8	7	46	18	10	46	19	2	0	0	0	5	3	12	8	1	9	2	6	20	
21.4	39.8	2725	765	27	67	489	97	17	148	158	3	0	0	0	20	32	44	50	3	52	14	19	137	
21.4	39.85	915	95	4	18	42	7	4	37	20	0	0	0	0	4	6	7	5	1	11	0	3	26	
21.4	40.45	232	16	3	0	2	0	0	12	3	0	0	0	0	1	0	1	1	1	0	1	1	5	
21.42	39.2	192	22	1	2	5	3	0	8	3	0	0	0	0	1	0	2	1	0	0	1	0	4	
21.42	39.25	1035	96	4	5	37	18	7	41	18	3	0	0	0	6	4	5	8	0	5	0	6	27	
21.42	39.3	688	64	3	3	13	8	3	23	9	0	0	0	0	1	2	5	2	2	3	1	5	8	
21.42	39.35	279	52	0	1	14	11	1	14	11	2	0	0	0	0	1	0	4	0	1	0	0	7	
21.42	39.75	1241	178	6	16	68	13	8	46	28	1	0	0	0	7	10	14	10	1	9	0	9	36	
21.42	39.8	3166	475	24	50	632	96	12	128	359	7	0	1	0	17	23	29	16	5	42	17	17	81	
21.42	39.85	416	48	5	5	21	3	0	12	12	1	0	0	0	0	0	1	2	0	3	0	2	2	
21.42	40.45	798	47	4	1	11	6	2	19	17	2	0	0	0	0	1	5	6	1	5	0	2	8	
21.44	39.15	505	44	3	1	13	3	3	16	9	0	0	1	0	2	0	1	0	0	1	0	1	6	
21.44	39.2	1214	156	13	2	27	13	8	46	26	5	0	0	0	8	6	6	13	3	7	1	4	28	
21.44	39.25	1547	147	9	11	38	15	3	64	29	0	0	0	0	5	6	8	5	1	10	1	2	20	
21.44	39.3	926	55	5	3	17	7	0	42	17	0	0	0	0	3	1	3	3	1	4	3	4	14	
21.44	39.5	149	11	2	0	4	0	0	7	7	0	0	0	0	0	0	1	0	0	0	0	0	1	
21.44	39.75	543	67	1	3	13	9	3	21	11	1	0	0	0	2	3	0	1	1	3	1	4	16	
21.44	39.8	1927	148	10	9	78	23	4	62	51	4	0	0	0	8	2	17	9	3	11	3	7	35	
21.44	39.85	837	67	4	7	37	5	1	31	21	0	0	0	0	3	2	4	6	1	5	0	3	11	
21.44	39.95	279	20	1	3	5	2	1	11	8	1	0	0	0	1	1	4	3	1	2	1	2	3	
21.44	40.4	106	4	1	0	0	1	0	3	2	0	0	0	0	1	0	0	1	0	1	0	1	1	
21.44	40.45	457	17	3	0	6	0	0	17	9	0	0	0	0	0	0	0	1	0	2	0	1	4	
21.44	40.5	438	19	3	0	13	2	0	10	13	2	0	0	0	3	0	2	0	0	2	0	3	2	
21.46	39.15	1087	96	2	4	20	12	2	38	19	0	0	0	0	2	3	2	6	1	4	2	4	20	
21.46	39.2	2339	352	24	18	96	38	23	96	58	5	0	0	1	18	12	15	18	3	26	3	7	66	
21.46	39.25	2459	182	12	7	55	16	13	82	44	7	1	0	0	11	10	18	12	5	18	7	8	40	
21.46	39.3	367	18	0	1	6	0	2	11	9	0	0	0	0	1	0	0	1	0	0	1	0	4	
21.46	39.35	295	22	3	1	9	4	0	15	11	0	0	0	0	2	0	2	2	2	0	0	0	5	
21.46	39.75	432	39	3	7	11	6	3	8	12	1	0	0	0	4	2	5	1	0	5	0	0	9	
21.46	39.8	451	42	5	8	25	6	2	18	15	1	0	0	0	3	2	3	5	1	4	0	1	13	
21.46	39.85	219	10	0	1	4	0	0	4	5	0	0	0	0	0	0	0	0	0	3	0	1	3	
21.46	39.9	986	63	4	1	20	6	1	37	21	0	0	0	0	2	1	9	1	0	6	2	4	11	
21.46	39.95	667	43	5	1	15	2	1	23	11	1	0	0	0	2	1	1	3	1	3	0	2	7	
21.46	40.45	392	12	0	0	4	0	0	12	8	0	0	0	0	0	1	1	2	2	0	0	1	1	
21.48	39.15	1621	290	16	25	117	45	8	104	37	1	0	0	0	15	10	15	18	2	6	2	6	45	
21.48	39.2	3090	828	29	29	294	131	20	173	105	6	0	0	0	15	16	33	45	8	50	7	13	97	
21.48	39.25	1604	150	4	7	42	26	5	50	37	1	0	0	1	4	3	7	13	4	5	4	5	17	
21.48	39.35	177	7	0	0	3	0	1	5	7	1	0	0	0	0	1	3	0	0	0	0	0	1	
21.48	39.75	264	28	0	1	7	2	1	9	8	0	0	0	0	4	1	0	0	1	1	0	0	9	
21.48	39.9	396	17	1	0	5	4	2	13	7	0	0	0	0	1	0	2	1	1	3	0	1	3	
21.48	39.95	444	18	0	3	9	3	2	15	12	0	0	0	0	2	0	2	2	1	2	0	1	4	
21.5	39.15	2453	978	39	62	279	112	25	226	83	1	0	0	1	30	31	49	65	3	42	8	17	133	
21.5	39.2	1582	304	8	18	116	29	14	116	45	2	0	1	0	9	7	16	14	2	20	4	10	42	
21.5	39.25	1011	109	4	6	35	10	6	35	17	0	0	0	0	8	5	5	3	0	8	1	2	19	
21.5	39.75	248	14	1	2	4	0	0	6	4	0	0	0	0	2	0	0	1	0	1	0	1	3	
21.52	39.1	96	7	0	0	5	2	1	3	3	1	0	0	0	0	1	0	0	1	2	0	0	2	
21.52	39.15	2416	865	35	44	260	136	34	225	70	5	0	0	0	28	35	38	57	5	42	13	32	130	
21.52	39.2	1789	288	13	16	83	50	10	79	38	4	0	0	0	14	11	20	11	5	19	4	15	61	
21.52	39.25	205	22	0	1	3	4	0	12	1	0	0	0	0	0	0	2	1	0	0	0	0	1	
21.52	39.75	285	22	2	2	4	2	1	6	8	1	0	0	0	0	1	1	1	0	4	0	3	6	
21.54	39.1	1629	1407	21	21	355	141	22	431	78	0	0	0	0	30	14	20	59	3	19	2	13	98	
21.54	39.15	3044	2066	49	91	551	211	50	518	100	10	0	0	0	44	51	43	103	4	53	24	29	231	
21.54	39.2	1488	365	36	31	121	75	24	83	37	5	0	0	0	26	26	24	22	3	35	8	11	78	
21.54	39.75	365	24	1	1	17	2	0	8	11	0	0	0	0	0	1	1	0	0	1	1	1	3	
21.54	39.9	58	3	0	0	0	1	1	1	2	0	0	0	0	1	0	0	1	0	0	0	0	1	
21.54	39.95	144	10	0	0	3	1	0	6	5	0	0	0	0	0	1	1	1	2	1	0	0	1	
21.56	39.1	1540	1049	31	24	278	128	28	281	70	0	0	0	0	24	23	33	50	3	28	7	20	105	
21.56	39.15	2502	949	62	96	244	147	54	231	67	3	1	0	0	46	52	54	60	3	76	20	27	180	
21.56	39.2	2315	396	30	38	116	53	25	96	53	3	1	0	0	24	21	36	23	7	35	11	18	88	
21.56	39.75	306	30	0	2	8	2	1	8	7	2	0	0	0	0	1	4	0	1	3	0	3	4	
21.58	39.1	1613	769	40	48	210	108	21	220	51	1	0	0	0	21	35	36	57	2	45	13	10	120	
21.58	39.15	2535	603	28	54	195	97	33	145	68	1	0	1	0	35	31	51	28	5	51	18	25	113	
21.58	39.2	2271	320	27	30	82	36	11	107	41	5	0	0	0	19	18	25	18	5	38	8	15	63	
21.58	39.25	573	42	2	2	19	12	1	22	11	1	0	0	0	2	0	5	1	0	1	0	4	19	
21.58	39.7	43	4	0	1	2	1	0	2	0	0	0	0	0	1	0	1	0	0	1	0	0	1	
21.6	39.1	1838	1012	36	61	225	87	24	207	63	2	1	0	0	30	36	34	46	2	46	12	23	119	
21.6	39.15	2620	467	33	47	127	54	13	131	64	1	1	0	0	23	14	22	30	3	31	7	14	82	
21.6	39.2	1309	219	12	13	71	36	13	62	31	1	0	0	0	13	21	17	14	4	32	6	12	47	
21.6	39.25	262	23	2	2	8	0	1	10	5	0	0	0	0	1	2	0	0	0	3	0	1	6	
21.62	39.1	1279	1004	24	30	205	65	28	134	29	2	0	1	0	23	18	28	24	3	35	13	12	92	
21.62	39.15	1646	343	19	42	80	204	17	102	43	4	0	0	0	18	10	15	17	3	24	7	8	58	
21.62	39.2	569	68	4	5	17	7	4	35	14	0	0	0	0	0	0	3	1	2	4	0	2	15	
21.64	39.1	1013	529	20	35	150	75	20	118	26	1	0	0	0	32	29	23	29	0	35	12	14	78	
21.64	39.15	123	21	0	1	11	2	1	3	3	0	0	0	0	0	1	0	2	0	1	0	1	3	
21.64	39.2	400	29	3	2	12	4	0	17	8	1	0	0	0	2	1	2	1	0	1	0	1	8	
21.66	39.1	1119	474	9	28	116	44	14	108	34	1	0	0	0	11	13	16	19	1	19	6	7	53	
21.66	39.15	504	220	5	9	57	40	3	138	687	0	0	0	0	2	3	4	13	0	4	1	1	13	
21.66	39.2	122	10	0	1	1	2	0	2	3	0	0	0	0	0	1	1	0	0	2	0	2	2	
21.68	39.1	765	424	22	27	164	57	14	71	34	2	0	0	0	17	22	21	16	1	25	5	8	57	
21.7	39.05	69	30	0	0	3	1	1	12	2	0	0	0	0	0	1	1	3	0	0	0	0	4	
21.7	39.1	401	118	7	8	51	12	6	31	5	0	0	0	0	2	3	9	2	0	6	1	4	17	
21.7	39.2	78	15	1	1	4	1	0	3	1	0	0	1	0	0	0	1	1	0	1	0	1	1	
21.72	39.05	45	44	0	1	2	0	0	3	3	0	0	0	0	0	0	0	1	0	1	0	0	2	
21.72	39.1	271	138	3	7	18	7	3	20	17	0	0	0	0	0	2	1	4	1	0	1	2	7	
21.72	39.15	191	12	1	2	4	3	0	3	3	0	0	0	0	2	1	1	0	0	1	0	2	2	
21.72	39.2	75	17	1	2	7	4	0	4	2	0	0	0	0	1	0	1	0	0	3	0	1	2	
21.740000000000002	39.05	52	22	0	0	5	3	0	2	1	1	0	0	0	1	0	0	1	0	1	0	0	1	
21.740000000000002	39.1	433	255	8	9	29	26	9	23	13	2	0	0	0	8	8	9	11	0	11	0	3	30	
21.740000000000002	39.15	345	39	1	2	16	3	3	10	10	1	0	0	0	1	2	0	2	1	2	1	3	5	
21.740000000000002	39.2	82	6	0	0	2	0	0	3	1	0	0	0	0	0	0	0	0	0	2	0	1	4	
21.76	39.05	79	36	1	0	4	4	2	6	5	0	0	0	0	0	0	0	3	0	1	0	1	3	
21.76	39.1	287	125	6	5	38	6	2	15	10	0	0	0	0	5	6	4	13	0	5	3	4	16	
21.76	39.15	321	32	1	1	9	1	3	13	5	0	0	0	0	1	3	2	2	0	2	1	1	7	
21.76	39.2	172	15	0	1	1	0	1	9	1	0	0	0	0	0	0	0	2	0	1	0	0	1	
21.78	39.05	48	17	2	3	3	6	0	2	1	0	0	0	0	0	2	2	0	0	4	0	2	3	
21.78	39.1	327	65	3	1	28	15	4	19	5	0	0	0	0	1	2	0	8	0	5	2	2	12	
21.78	39.15	145	16	1	0	1	2	0	5	2	0	0	0	0	1	0	0	0	0	0	0	0	3	
21.8	39.1	187	32	3	5	9	4	2	9	3	0	0	0	0	2	4	3	1	1	3	1	2	10	
21.84	39.05	43	47	2	0	4	2	1	2	1	0	0	0	0	7	0	0	1	0	0	0	1	1	
21.88	39.25	43	21	1	1	4	0	0	10	3	0	0	0	0	0	0	0	1	0	1	0	0	2	
21.92	38.95	56	18	1	0	2	88	0	0	6	0	0	0	0	0	0	0	0	0	0	0	0	1	
21.92	39.1	148	15	2	0	12	18	0	8	4	0	0	0	0	0	0	0	0	1	1	0	0	4	
21.94	38.95	40	19	0	0	3	16	1	4	9	0	0	0	0	0	1	1	0	0	0	0	0	4	
22.1	39.3	106	10	0	2	0	1	1	4	7	0	0	0	0	0	0	0	0	1	1	0	1	1	
22.240000000000002	39.1	29	2	1	1	2	1	1	2	0	0	0	0	0	1	2	1	1	0	1	0	1	1	
22.259999999999998	39.1	75	9	1	0	3	2	1	1	1	0	0	0	0	0	0	2	0	0	1	0	0	2	
22.28	39.05	14	4	1	0	1	1	1	2	0	0	0	0	0	0	0	0	0	0	0	0	1	1	
22.28	39.1	149	11	0	1	10	2	1	5	5	0	0	0	0	0	0	0	1	0	1	0	0	4	
22.28	46.7	297	7	2	2	4	5	1	6	6	2	0	0	0	0	1	0	2	1	2	0	0	3	
22.3	39.1	54	59	1	0	7	7	1	3	3	0	0	0	0	0	0	2	1	0	1	0	0	6	
22.32	39.1	38	9	0	1	1	3	1	2	2	0	0	0	0	0	0	1	1	0	1	0	0	2	
22.4	39.05	25	21	1	0	6	4	0	1	4	0	0	0	0	1	0	0	1	0	0	0	0	0	
22.42	41.75	77	5	0	0	2	1	0	2	2	0	0	0	0	0	1	0	1	0	0	0	1	1	
22.6	53.150000000000006	0	1	1	0	1	1	0	0	0	0	0	0	0	0	0	1	0	0	0	0	0	0	
22.78	39.0	217	23	2	1	9	3	2	14	5	1	0	0	0	1	1	2	2	0	1	0	1	7	
23.12	53.75	26	16	0	0	7	10	0	5	1	0	0	0	0	0	1	0	1	0	1	0	0	3	
23.48	40.85	131	9	0	0	2	1	0	6	2	0	0	0	0	0	0	0	0	0	0	0	1	1	
23.48	46.85	189	8	0	1	5	0	0	6	5	0	0	0	0	2	0	1	0	0	0	0	0	3	
23.54	53.75	51	17	0	0	11	1	0	2	4	0	0	0	0	0	0	0	1	0	0	1	1	2	
23.64	53.6	19	6	1	0	3	1	1	1	0	0	0	0	0	1	2	1	1	0	2	2	0	2	
23.64	53.650000000000006	35	10	2	0	2	2	0	1	0	0	0	0	0	0	1	0	1	0	1	0	0	1	
23.64	53.7	69	28	0	0	4	0	0	1	2	0	0	0	0	2	0	0	1	0	1	0	1	2	
23.66	53.650000000000006	11	6	1	1	1	3	2	0	0	0	0	0	0	1	1	1	1	0	1	1	1	2	
23.66	53.7	24	8	1	1	1	1	0	1	1	0	0	0	0	0	1	1	0	0	0	0	0	1	
23.759999999999998	44.75	91	4	0	0	3	0	1	4	5	0	0	0	0	0	1	0	0	0	0	1	0	5	
23.78	38.75	152	9	1	0	2	0	1	9	4	0	0	0	0	1	0	1	1	1	1	0	1	1	
23.82	52.8	36	9	1	2	8	1	1	4	1	1	0	0	0	0	1	1	0	0	3	1	2	5	
23.88	42.9	281	13	1	2	1	2	0	9	6	0	0	0	0	1	1	1	1	0	2	0	0	2	
23.9	42.9	353	15	2	0	4	1	1	13	7	0	0	0	0	1	2	3	2	0	1	1	0	3	
23.96	38.25	56	17	0	2	2	2	0	4	0	0	0	0	0	0	0	1	0	0	0	1	0	0	
23.96	52.150000000000006	1	2	0	1	1	1	1	1	0	0	0	0	0	1	1	1	1	0	1	0	1	1	
23.98	38.15	148	34	0	4	1	3	1	10	4	0	0	0	0	0	1	1	4	0	1	1	1	5	
23.98	38.2	243	60	4	2	14	5	3	15	8	0	0	0	0	1	2	1	1	1	4	1	1	9	
23.98	47.1	272	15	2	1	5	3	1	9	9	0	0	0	0	0	1	2	1	1	0	0	2	7	
24.0	38.15	401	67	8	4	17	8	2	28	10	1	0	0	0	1	1	3	4	0	6	0	1	12	
24.0	38.2	430	90	6	6	21	11	2	23	7	0	0	0	0	2	3	7	4	1	3	1	4	15	
24.0	47.1	132	6	1	0	3	2	0	10	2	1	0	0	0	0	0	1	0	0	1	0	0	2	
24.02	38.15	117	33	1	0	4	4	1	5	3	0	0	0	0	1	1	1	1	0	0	1	0	2	
24.02	38.2	122	16	1	2	4	4	2	9	4	0	0	0	0	1	3	1	0	0	3	1	0	1	
24.04	45.25	80	3	0	0	1	0	0	0	1	0	0	0	0	0	0	0	0	0	1	0	0	1	
24.060000000000002	38.1	128	15	0	0	8	4	1	2	1	0	0	0	0	0	1	1	1	2	0	0	0	1	
24.060000000000002	45.25	159	12	0	0	5	0	0	5	3	0	0	0	0	0	1	0	0	0	1	0	0	1	
24.060000000000002	51.75	25	5	1	1	1	1	0	3	1	1	0	0	0	1	0	0	0	0	2	0	0	0	
24.060000000000002	52.6	6	8	0	0	6	1	1	0	0	0	0	0	0	1	0	2	1	0	0	0	0	0	
24.060000000000002	52.650000000000006	23	22	4	5	12	10	2	1	1	0	0	0	0	4	2	4	3	1	4	1	2	8	
24.08	38.0	348	35	3	5	11	6	1	21	3	0	0	0	0	1	1	2	1	0	2	0	0	8	
24.08	38.05	703	74	2	2	22	11	3	28	15	3	0	0	0	3	2	4	6	3	4	0	4	12	
24.08	38.1	40	10	2	3	2	1	0	0	0	2	0	0	0	2	0	1	0	0	0	0	0	3	
24.08	52.6	28	26	1	1	5	4	0	1	1	0	0	0	0	0	0	0	1	0	0	0	1	5	
24.08	52.650000000000006	15	17	2	0	11	5	3	1	1	0	0	0	0	2	1	1	2	0	1	0	1	5	
24.1	38.05	588	28	4	4	9	3	0	31	17	2	0	0	0	0	0	4	4	2	1	0	2	7	
24.1	47.25	300	19	4	1	5	3	1	10	9	0	0	0	0	1	2	2	1	0	2	1	2	4	
24.12	47.25	657	61	4	3	13	9	3	23	20	1	0	0	0	2	3	5	4	0	8	3	2	8	
24.14	47.25	273	14	2	1	6	3	0	10	3	0	0	0	0	1	1	1	1	0	1	0	1	3	
24.14	47.3	1469	135	8	6	29	17	2	49	35	2	0	0	0	7	9	12	9	3	3	2	7	36	
24.14	47.35	472	21	0	1	10	0	0	19	23	0	0	0	0	2	0	4	2	1	2	0	2	4	
24.16	47.3	670	48	3	1	12	6	1	19	12	2	0	0	0	2	3	1	4	1	4	1	1	12	
24.18	47.25	165	13	1	0	2	1	1	9	1	0	0	0	0	0	2	2	0	0	2	0	1	4	
24.18	47.35	114	5	0	0	4	0	0	2	2	1	0	0	0	0	0	0	0	1	0	0	0	1	
24.2	47.25	97	5	0	0	2	2	0	5	3	0	0	0	0	0	0	1	0	0	0	0	0	0	
24.240000000000002	47.7	3	1	1	1	2	1	1	0	0	0	0	0	0	1	1	1	0	0	1	0	1	1	
24.28	53.25	5	2	1	1	1	2	0	1	0	0	0	0	0	0	1	1	0	0	1	0	1	1	
24.38	39.6	142	6	2	0	3	1	1	9	3	0	0	0	0	1	1	1	0	0	3	0	1	1	
24.38	46.8	73	9	1	0	0	1	0	3	1	0	0	0	0	0	0	0	0	0	0	0	0	1	
24.4	39.5	399	25	1	0	33	2	1	7	5	0	0	0	0	1	1	3	1	0	0	0	3	8	
24.4	39.55	311	13	2	0	13	2	2	7	6	1	0	0	0	1	0	1	0	1	3	0	2	8	
24.4	39.6	210	23	1	1	27	1	0	16	2	0	0	0	0	0	1	1	3	0	1	0	0	1	
24.4	46.8	130	11	0	1	7	3	1	4	3	0	0	0	0	0	0	0	2	1	1	1	0	1	
24.42	39.5	487	21	1	1	5	2	0	18	8	1	0	0	0	0	0	1	2	1	1	0	0	3	
24.42	39.55	595	57	4	7	23	4	5	25	16	1	0	0	0	5	2	7	2	2	6	2	3	15	
24.42	39.6	582	103	4	15	50	12	6	32	35	1	0	0	0	4	2	5	3	0	7	1	3	12	
24.42	39.65	157	16	2	1	5	6	2	7	6	0	0	0	0	1	2	1	3	0	4	1	1	8	
24.44	39.45	311	13	1	0	6	1	0	7	9	0	0	0	0	0	1	0	1	1	1	1	0	3	
24.44	39.5	710	42	5	1	7	4	2	23	21	2	0	0	0	1	2	4	2	1	3	0	2	5	
24.44	39.55	599	42	6	4	19	2	4	18	13	0	0	0	0	5	2	3	1	3	1	1	1	5	
24.44	39.6	1689	168	7	28	63	23	8	73	40	0	0	0	0	9	3	10	14	4	16	9	4	37	
24.44	39.65	873	96	3	4	29	10	3	53	22	2	0	0	0	2	4	5	5	1	9	2	3	21	
24.44	39.7	87	3	0	0	2	0	0	6	1	0	0	0	0	1	0	0	1	0	0	0	0	1	
24.46	39.5	450	35	2	0	5	4	0	18	11	0	0	0	0	1	0	1	2	1	2	1	1	7	
24.46	39.55	1310	125	6	10	53	17	3	43	29	6	0	0	0	5	1	12	11	0	3	1	3	28	
24.46	39.6	2797	656	38	99	697	221	17	107	236	2	0	0	0	19	27	48	28	5	53	10	10	135	
24.46	39.65	498	52	2	8	14	3	0	15	10	0	0	0	0	1	2	1	3	1	2	0	2	13	
24.46	46.25	320	35	2	8	13	2	4	11	16	0	0	0	0	0	3	4	3	0	2	0	1	7	
24.46	46.55	71	7	2	1	0	1	0	2	0	1	0	0	0	0	1	0	0	0	0	0	1	2	
24.46	52.3	15	6	2	0	1	3	3	2	0	0	0	0	0	1	1	2	1	0	2	0	1	2	
24.48	39.5	208	27	0	0	12	5	0	5	5	0	0	0	0	0	0	0	1	0	0	0	0	2	
24.48	39.55	1528	298	22	13	101	44	5	104	32	0	0	0	0	8	7	11	15	2	8	1	3	65	
24.48	39.6	1439	228	12	21	65	15	6	75	36	2	0	0	0	7	3	13	9	4	9	3	5	32	
24.48	39.65	451	35	3	3	12	3	0	17	10	0	0	0	0	3	2	1	0	2	2	0	1	6	
24.48	44.35	178	10	1	0	4	1	0	4	6	0	0	0	0	0	0	0	0	1	1	0	0	3	
24.48	46.55	142	10	2	0	3	1	1	8	7	1	0	0	0	0	0	0	0	1	0	0	1	2	
24.48	46.6	380	22	1	1	8	5	0	19	15	1	0	0	0	1	1	2	1	2	1	0	1	6	
24.5	39.55	520	41	3	1	12	7	0	24	8	0	0	0	0	2	1	2	1	1	2	1	1	9	
24.5	39.6	255	33	0	4	30	2	0	13	8	1	0	0	0	5	0	0	1	1	0	0	12	5	
24.5	39.65	269	19	1	0	8	0	1	5	1	0	0	0	0	0	0	0	0	2	2	0	0	2	
24.5	39.7	138	13	1	0	2	1	0	13	19	0	0	0	0	0	0	0	0	1	0	0	1	1	
24.5	44.35	323	19	1	3	4	5	1	14	6	2	0	0	0	1	3	1	1	0	5	1	1	6	
24.5	44.4	191	14	2	1	1	0	0	8	5	0	0	0	0	2	0	1	0	0	1	0	1	3	
24.5	46.0	2	1	0	0	1	0	0	0	0	0	0	0	0	0	0	0	1	0	1	0	0	0	
24.5	46.6	292	25	1	1	5	0	1	11	5	0	1	0	0	0	1	0	0	1	2	0	0	2	
24.52	39.55	191	17	3	2	8	4	0	12	10	0	0	0	0	1	2	1	1	1	0	0	2	6	
24.52	39.6	107	16	1	0	14	1	0	4	2	0	0	0	0	0	0	1	0	0	0	0	0	2	
24.52	39.65	395	26	1	0	6	5	1	10	5	0	0	0	0	0	1	4	3	0	2	0	2	6	
24.52	44.4	408	24	0	0	3	6	0	15	10	0	0	0	0	2	0	3	2	2	4	0	0	3	
24.52	46.6	364	25	0	1	7	2	1	16	5	0	0	0	0	1	2	1	0	0	1	0	1	4	
24.52	46.65	793	49	4	5	14	4	4	28	17	2	0	0	0	2	2	3	4	1	6	2	4	17	
24.52	46.7	378	39	2	9	12	4	1	11	3	0	0	0	0	1	3	2	4	0	4	0	1	8	
24.54	39.65	402	91	3	7	41	6	0	87	24	2	0	0	0	4	1	4	1	0	2	0	1	12	
24.54	39.7	137	21	1	7	7	0	0	7	8	1	0	0	0	0	1	0	0	1	0	0	2	0	
24.54	46.6	302	12	0	1	2	2	0	12	2	0	0	0	0	0	0	0	0	0	0	0	0	4	
24.54	46.65	1411	107	7	9	28	12	3	48	29	1	0	0	0	3	3	3	1	3	12	2	7	24	
24.54	46.7	1180	91	11	14	24	12	5	34	17	0	0	0	0	2	3	4	7	2	4	1	4	15	
24.54	46.75	478	36	0	1	6	1	0	25	13	2	0	0	0	1	1	2	2	1	6	1	3	8	
24.54	46.85	129	22	3	0	4	7	4	4	2	0	1	0	0	2	1	2	2	1	1	0	1	2	
24.560000000000002	46.5	632	35	1	0	7	0	2	22	16	1	0	0	0	0	2	2	4	1	7	0	1	9	
24.560000000000002	46.55	925	62	3	2	15	4	3	28	19	2	0	0	0	2	3	4	3	4	7	3	1	13	
24.560000000000002	46.6	1959	168	16	14	45	33	5	101	25	6	0	0	0	12	14	26	11	3	18	3	9	50	
24.560000000000002	46.65	1831	175	15	17	35	29	9	88	28	5	0	0	0	14	13	21	15	1	16	4	5	38	
24.560000000000002	46.7	751	59	3	5	16	5	2	23	10	1	0	0	0	3	1	6	5	2	4	1	4	12	
24.560000000000002	46.75	1624	113	7	5	35	19	7	68	32	1	1	0	0	7	7	11	7	1	11	2	9	33	
24.560000000000002	46.8	701	55	2	3	9	11	3	36	21	1	0	0	0	1	2	4	3	0	2	0	3	15	
24.560000000000002	46.85	340	42	4	2	13	5	1	9	5	1	0	0	0	0	2	3	3	0	5	0	1	8	
24.58	46.5	625	31	2	2	17	2	0	21	20	1	0	0	0	3	0	2	4	2	3	3	2	5	
24.58	46.55	2008	119	9	3	23	16	4	54	45	2	0	0	0	10	6	8	10	6	9	1	8	26	
24.58	46.6	2385	243	14	13	51	18	12	129	47	7	0	0	0	11	16	8	9	6	16	7	7	57	
24.58	46.65	2067	228	18	15	66	32	10	87	43	8	0	0	0	9	18	32	13	6	29	6	12	55	
24.58	46.7	1154	69	3	10	21	10	2	32	15	0	0	0	0	1	4	4	1	1	6	0	3	14	
24.58	46.75	1275	99	5	5	32	11	5	49	23	3	0	0	0	5	3	6	4	1	9	0	2	18	
24.58	46.8	272	20	1	2	4	1	0	9	2	0	0	0	0	0	1	2	0	0	1	0	1	7	
24.6	46.55	588	29	2	4	6	9	2	13	13	3	0	0	0	0	0	3	0	1	1	1	2	7	
24.6	46.6	1431	133	9	14	35	12	4	53	13	2	0	0	0	8	5	8	10	0	10	3	3	28	
24.6	46.65	1284	145	5	16	45	17	8	46	20	0	0	0	0	6	8	12	13	0	13	2	3	22	
24.6	46.7	1851	171	12	11	43	20	4	77	46	4	0	0	0	10	6	11	12	4	13	3	6	35	
24.6	46.75	821	51	6	5	11	8	1	32	5	0	0	0	0	1	2	3	4	0	1	1	0	6	
24.62	46.5	531	29	7	4	7	4	1	20	6	1	0	0	0	0	2	3	3	1	5	1	1	9	
24.62	46.55	924	58	2	5	19	5	1	33	23	1	0	0	0	2	4	3	2	0	7	1	2	14	
24.62	46.6	274	24	3	5	10	5	4	12	2	0	0	0	0	0	2	5	0	1	5	2	0	8	
24.62	46.65	1294	281	16	37	55	43	12	92	21	1	0	0	0	8	17	31	11	5	13	2	10	49	
24.62	46.7	2029	201	13	21	62	34	8	64	23	1	0	0	0	8	11	25	9	1	14	5	6	48	
24.62	46.75	665	39	2	11	18	7	1	22	5	0	0	0	0	2	3	4	2	0	5	1	2	7	
24.64	46.55	613	42	3	3	10	3	0	10	7	0	0	0	0	0	0	2	0	0	2	0	1	4	
24.64	46.6	253	16	2	1	5	5	1	9	1	0	0	0	0	2	2	5	0	0	0	0	0	5	
24.64	46.65	1333	194	11	18	57	94	7	79	26	2	0	0	0	8	10	20	12	1	15	5	7	35	
24.64	46.7	2110	276	18	16	79	73	8	75	25	1	1	0	0	12	18	30	15	1	17	2	10	40	
24.64	46.75	626	97	6	6	19	106	5	31	12	1	0	0	0	14	3	12	6	1	7	3	5	23	
24.64	46.8	233	23	2	0	8	9	2	8	2	0	1	0	0	0	1	4	1	0	3	0	1	6	
24.64	46.85	126	12	0	0	2	1	0	4	5	0	0	0	0	1	0	0	0	0	1	0	0	0	
24.66	46.55	208	21	0	1	0	1	0	5	3	1	0	0	0	1	0	0	0	0	0	0	0	3	
24.66	46.6	566	130	3	5	116	60	6	47	15	0	0	0	0	5	3	60	11	0	6	4	2	14	
24.66	46.65	2053	703	22	21	139	176	25	191	51	1	0	0	0	35	15	62	16	0	17	1	5	95	
24.66	46.7	2813	549	30	28	217	130	26	179	86	5	0	0	0	15	27	56	25	6	27	9	13	94	
24.66	46.75	1073	175	17	14	46	27	10	68	34	1	0	0	0	13	17	18	10	0	14	9	6	32	
24.66	46.8	679	69	6	6	23	12	5	33	19	0	0	0	0	5	3	8	4	2	6	3	7	13	
24.66	46.85	848	65	8	2	15	10	5	47	21	1	0	0	0	6	4	5	6	5	5	4	4	13	
24.68	46.55	330	50	1	5	12	9	2	19	44	1	0	0	0	1	4	3	8	0	2	0	2	11	
24.68	46.6	1002	293	16	12	125	112	14	90	31	3	0	1	0	9	8	38	15	2	16	2	4	57	
24.68	46.65	4578	2381	60	70	1225	648	82	800	251	8	0	0	0	134	35	273	63	4	46	22	62	245	
24.68	46.7	2941	712	30	24	278	287	27	194	46	2	0	0	0	33	35	76	32	1	26	11	20	106	
24.68	46.75	2335	432	27	23	131	65	18	211	50	4	0	0	0	22	19	52	17	3	29	9	15	84	
24.68	46.8	1635	153	8	8	43	24	7	91	16	4	0	0	0	6	13	12	8	2	14	4	5	31	
24.68	46.85	479	35	1	4	5	6	3	20	7	0	0	0	0	2	0	2	4	2	2	1	1	9	
24.7	46.6	1490	426	21	20	150	59	9	204	90	1	0	0	0	17	9	44	18	4	27	8	9	63	
24.7	46.65	4007	1909	46	80	672	1323	56	1075	216	4	0	0	0	87	47	207	92	4	63	14	25	221	
24.7	46.7	1105	453	10	16	134	127	93	101	17	0	0	0	0	12	12	24	15	0	16	4	2	69	
24.7	46.75	2054	372	20	25	106	57	12	126	40	2	0	0	0	6	18	34	26	1	30	4	11	69	
24.7	46.8	2135	212	15	14	62	31	10	111	42	5	0	0	0	9	12	16	18	8	22	7	7	48	
24.7	46.85	337	14	1	3	4	2	0	10	5	0	0	0	0	1	1	1	1	0	3	0	1	5	
24.72	42.9	11	1	1	1	2	1	1	0	1	0	0	0	0	1	0	0	1	0	1	0	0	1	
24.72	46.55	316	51	4	3	18	9	3	21	7	2	0	0	0	2	2	7	2	1	7	2	2	8	
24.72	46.6	1400	517	16	12	141	70	19	218	62	1	0	0	0	13	18	40	19	1	17	6	8	56	
24.72	46.65	3128	1087	49	48	398	330	39	352	104	2	0	1	0	58	48	193	51	3	49	11	15	137	
24.72	46.7	804	151	10	10	49	22	5	76	11	0	0	0	0	14	11	10	11	0	9	2	6	23	
24.72	46.75	2671	552	31	43	176	131	34	228	54	1	0	0	0	17	28	126	29	1	49	16	18	98	
24.72	46.8	2642	195	16	14	69	26	6	124	53	7	0	0	0	13	8	17	15	5	16	4	11	46	
24.72	46.85	602	30	1	0	9	3	0	21	10	1	0	0	0	1	0	0	1	2	2	0	0	5	
24.740000000000002	46.5	327	58	2	0	11	3	1	8	5	0	0	0	0	2	0	1	2	0	1	0	0	9	
24.740000000000002	46.55	728	107	2	9	51	16	5	37	12	1	0	0	0	1	6	6	6	0	12	0	2	16	
24.740000000000002	46.6	1124	374	7	20	180	84	11	169	31	1	0	0	0	22	14	66	13	2	29	9	14	61	
24.740000000000002	46.65	3301	1006	42	41	497	245	29	299	100	3	3	0	0	23	24	142	37	6	40	11	15	131	
24.740000000000002	46.7	2276	632	17	34	153	75	16	239	42	0	0	0	0	22	22	66	27	2	32	10	26	81	
24.740000000000002	46.75	2401	431	39	31	192	85	23	184	46	4	0	0	0	29	25	40	25	5	47	15	17	103	
24.740000000000002	46.8	2142	215	14	16	53	34	8	96	43	5	0	0	0	16	12	20	13	5	15	7	6	50	
24.740000000000002	46.85	682	140	10	1	31	26	2	45	34	0	0	0	0	2	3	6	11	0	4	1	1	15	
24.759999999999998	46.55	174	23	0	3	4	4	0	8	4	0	0	0	0	0	3	3	2	0	3	1	1	3	
24.759999999999998	46.6	971	228	7	13	42	31	14	57	15	3	0	0	0	11	10	18	11	0	15	7	5	34	
24.759999999999998	46.65	2381	748	31	32	206	218	19	204	101	2	0	0	0	16	23	64	30	0	44	8	18	109	
24.759999999999998	46.7	1903	463	23	47	170	198	19	169	34	1	0	0	0	15	32	51	26	2	40	9	22	98	
24.759999999999998	46.75	2615	559	23	34	142	89	16	222	66	5	0	0	0	25	21	85	27	7	41	13	17	100	
24.759999999999998	46.8	1927	204	25	18	55	39	14	90	30	3	0	0	0	11	20	22	11	3	21	7	11	61	
24.78	46.55	85	9	1	0	0	1	0	2	4	0	0	0	0	0	0	0	0	0	0	0	0	0	
24.78	46.6	1357	258	20	19	114	57	13	87	33	1	0	0	0	17	21	22	14	2	28	7	8	50	
24.78	46.65	1862	724	32	38	179	183	21	210	59	3	0	0	0	32	29	64	25	1	41	15	14	112	
24.78	46.7	2372	642	22	32	280	233	21	201	67	1	0	0	0	29	22	67	52	0	41	11	21	96	
24.78	46.75	2025	296	25	25	84	46	12	121	41	4	0	0	0	19	27	27	13	4	35	7	9	61	
24.78	46.8	1270	100	8	2	23	13	3	91	27	3	0	0	0	6	2	6	4	1	6	5	2	20	
24.78	46.85	1206	76	5	1	21	7	6	50	23	1	0	0	1	2	0	8	6	1	6	0	3	14	
24.78	46.9	180	8	1	1	3	3	1	10	4	1	0	0	1	2	2	3	1	0	1	0	2	3	
24.8	46.55	127	11	1	2	3	5	0	4	0	0	0	0	0	2	2	0	0	0	3	1	1	2	
24.8	46.6	1205	307	15	21	96	52	6	91	18	1	0	0	0	15	18	22	12	0	36	6	8	50	
24.8	46.65	1373	316	13	31	95	115	9	131	64	2	0	0	0	12	7	36	10	0	15	4	5	55	
24.8	46.7	1671	298	16	20	71	36	11	126	34	5	0	0	0	8	16	18	12	0	24	8	7	54	
24.8	46.75	2063	205	12	7	53	31	8	87	42	2	0	0	0	9	11	25	18	1	17	4	7	44	
24.8	46.8	1311	96	6	8	15	5	3	37	14	3	0	0	0	5	5	4	1	3	6	1	2	18	
24.8	46.85	1498	90	2	3	26	13	4	54	34	2	0	0	0	3	3	9	6	3	9	1	5	17	
24.82	46.55	78	11	0	0	3	10	1	3	2	0	0	0	0	0	1	0	0	0	1	1	1	0	
24.82	46.6	632	82	2	1	70	27	3	39	12	0	0	0	0	4	4	3	4	1	8	2	2	14	
24.82	46.65	338	57	3	1	18	7	2	21	4	3	0	0	0	1	2	8	1	1	7	3	2	7	
24.82	46.7	526	66	2	5	41	5	0	17	11	0	0	0	0	0	3	1	2	0	4	3	4	13	
24.82	46.75	1451	129	10	10	40	24	5	72	19	4	0	0	0	6	4	8	5	0	11	8	3	27	
24.82	46.8	861	46	3	3	7	12	3	19	14	0	0	0	0	3	2	9	2	1	4	0	2	16	
24.82	46.85	264	12	3	0	5	1	0	9	7	1	1	0	0	1	0	1	2	1	1	0	0	3	
24.84	46.6	245	16	0	1	3	2	0	10	5	0	0	0	0	0	0	2	0	0	0	0	1	4	
24.84	46.7	858	390	3	5	183	17	6	216	80	1	0	0	0	2	7	14	24	1	9	4	10	29	
24.84	46.75	265	34	1	2	38	5	2	12	2	0	0	0	0	0	3	2	1	0	1	1	0	4	
24.86	46.55	288	36	2	2	32	7	0	7	6	0	0	0	0	5	0	1	3	0	0	0	0	3	
24.86	46.7	202	74	0	0	5	9	1	10	9	0	0	0	0	1	1	0	1	0	1	0	1	5	
24.86	46.8	257	17	3	0	6	3	0	10	5	0	0	0	0	0	1	2	0	0	1	0	0	0	
24.86	51.5	34	25	1	0	5	3	1	2	0	0	0	0	0	1	0	1	1	0	0	0	0	1	
24.9	46.35	140	13	1	0	2	3	0	7	6	0	0	0	0	0	0	0	0	0	1	1	0	1	
24.9	46.9	86	11	0	0	1	7	0	0	1	0	0	0	0	0	0	1	0	0	0	0	1	0	
24.92	45.85	7	2	0	0	0	1	0	1	0	0	0	0	0	0	1	0	0	0	0	0	0	0	
24.92	46.35	164	13	2	1	5	2	1	10	6	0	0	0	0	1	0	1	0	1	2	0	0	4	
24.92	46.65	36	5	1	1	1	2	0	2	1	0	0	0	0	0	0	0	0	0	0	0	0	0	
24.92	46.7	109	18	0	1	6	5	0	2	4	0	0	0	0	0	0	1	2	0	0	0	0	0	
24.92	49.2	0	1	0	0	0	1	0	0	0	0	0	0	1	0	0	0	1	0	0	0	1	0	
24.92	51.55	5	5	1	0	2	2	0	0	0	0	0	0	0	1	1	0	0	0	1	0	1	2	
24.94	46.6	49	14	2	2	6	5	1	6	3	0	0	0	0	2	2	2	1	0	5	1	2	5	
24.94	46.65	76	11	1	1	6	6	1	6	2	0	0	0	0	0	0	0	1	0	3	0	0	1	
24.94	46.7	768	80	0	4	17	40	2	23	84	0	0	0	0	1	1	6	2	0	4	0	1	10	
24.96	46.7	405	188	3	4	416	212	4	169	196	1	0	0	0	2	0	6	65	3	1	0	0	8	
24.98	46.5	83	11	0	0	22	4	0	4	1	0	0	0	0	1	0	3	1	0	1	0	0	2	
24.98	51.5	20	16	0	1	5	3	1	0	0	0	0	0	0	0	1	1	0	1	1	0	1	1	
24.98	51.55	5	6	0	1	3	1	0	0	0	0	0	0	0	0	0	1	0	0	1	0	0	5	
25.0	51.5	10	18	2	0	8	5	3	0	0	1	0	0	0	2	3	1	0	0	2	0	1	5	
25.060000000000002	46.65	46	3	0	0	18	36	0	1	2	0	0	0	0	0	0	0	0	0	1	0	0	0	
25.060000000000002	46.7	56	7	0	0	39	0	0	0	2	0	0	0	0	0	0	0	0	0	0	0	0	0	
25.12	51.3	6	19	1	0	2	1	1	0	0	0	0	0	0	1	1	1	1	0	2	0	0	3	
25.14	49.3	30	10	1	1	5	1	0	2	1	0	0	0	0	0	1	1	0	1	1	1	0	2	
25.14	51.5	27	9	3	1	3	3	2	1	0	0	0	0	0	2	1	1	0	0	2	1	1	1	
25.14	51.55	88	53	6	6	12	9	2	7	2	1	0	0	0	1	4	3	5	0	6	1	2	15	
25.14	51.6	69	22	1	0	6	0	3	3	2	0	0	0	0	0	0	0	2	0	4	0	1	3	
25.16	51.4	11	17	1	0	4	5	1	0	0	0	0	0	0	1	0	0	1	0	0	0	1	4	
25.16	51.45	8	6	2	2	2	2	0	0	0	0	0	0	0	0	0	1	0	0	1	0	0	2	
25.16	51.5	30	12	0	1	1	2	1	1	0	0	0	0	0	1	1	0	0	0	1	1	0	2	
25.16	51.55	200	104	4	5	21	11	4	11	6	0	0	0	0	2	5	3	5	0	9	3	3	21	
25.16	51.6	91	37	3	3	21	5	1	6	2	0	0	0	0	0	0	4	0	0	4	0	0	2	
25.18	51.4	24	27	4	0	9	5	1	1	0	0	1	0	0	1	3	3	3	1	3	0	2	7	
25.18	51.45	12	22	1	1	5	3	2	2	0	0	0	0	0	2	0	1	3	0	1	1	1	3	
25.18	51.5	4	15	1	0	3	7	0	0	0	0	0	0	0	0	1	1	0	0	1	0	1	2	
25.18	51.55	72	35	1	2	7	3	3	4	1	0	0	0	0	0	0	3	1	0	1	1	0	3	
25.18	51.6	70	32	3	0	5	2	1	8	1	0	0	0	0	1	2	1	1	0	1	0	2	2	
25.2	51.35	48	23	1	1	4	1	1	4	1	0	0	0	0	0	0	0	0	0	2	0	0	2	
25.2	51.4	76	40	6	0	14	14	1	1	1	0	0	0	0	1	0	0	2	0	3	1	1	5	
25.2	51.45	57	27	0	0	2	4	2	2	0	0	0	0	0	0	1	0	2	0	2	1	0	4	
25.2	51.5	33	43	0	0	7	9	2	1	0	0	0	0	0	2	2	2	2	0	2	0	1	6	
25.2	51.55	46	24	0	0	6	4	1	2	0	0	0	0	0	1	0	1	0	1	3	0	1	4	
25.22	45.25	144	14	0	0	4	2	0	6	6	0	0	0	0	0	0	0	0	1	1	0	0	1	
25.22	51.35	68	16	2	1	2	2	3	3	1	0	0	0	0	0	1	1	1	0	2	0	1	1	
25.22	51.4	196	103	6	6	22	16	4	6	3	0	0	0	0	8	8	8	5	1	6	2	4	25	
25.22	51.45	200	150	14	11	30	30	7	20	7	0	0	0	0	8	6	14	7	2	14	4	10	30	
25.22	51.5	140	95	9	3	15	11	2	6	0	1	0	0	0	4	6	7	3	2	7	1	2	13	
25.22	51.55	102	75	3	0	21	12	4	6	4	0	0	0	0	3	3	3	4	0	6	0	1	14	
25.240000000000002	51.35	87	14	4	2	3	2	0	6	0	0	0	0	0	0	1	2	0	0	2	0	1	3	
25.240000000000002	51.4	438	365	17	6	37	29	15	47	8	1	0	0	1	6	7	14	16	1	13	6	12	51	
25.240000000000002	51.45	349	285	15	14	46	45	12	25	14	0	0	0	0	10	8	11	12	0	13	5	5	46	
25.240000000000002	51.5	436	363	17	12	71	54	9	28	7	3	0	0	1	15	14	23	18	2	29	3	14	51	
25.240000000000002	51.55	193	211	12	7	42	49	9	16	5	1	0	0	0	7	7	12	14	1	14	7	8	38	
25.259999999999998	51.4	479	398	16	9	48	23	36	24	8	1	0	0	1	11	5	15	11	1	15	4	15	60	
25.259999999999998	51.45	398	342	15	16	38	58	13	16	4	1	0	0	1	10	15	18	13	0	18	6	9	51	
25.259999999999998	51.5	574	794	51	35	151	196	45	32	8	6	1	0	1	28	36	48	36	8	60	11	35	164	
25.259999999999998	51.55	327	672	45	16	119	273	13	102	23	0	1	0	0	18	8	13	40	15	20	0	13	69	
25.28	51.4	336	120	7	9	27	14	12	15	9	1	0	0	0	9	12	5	10	0	11	3	6	24	
25.28	51.45	450	248	14	6	35	30	10	22	7	1	0	0	0	6	6	15	13	0	12	4	4	39	
25.28	51.5	898	935	40	21	153	99	36	37	59	0	1	0	2	37	17	65	45	3	43	10	43	107	
25.28	51.55	97	153	6	1	15	9	4	5	2	0	0	0	0	2	1	3	5	0	3	2	1	15	
25.28	51.6	0	2	1	0	2	0	0	0	1	0	0	0	0	0	1	1	0	0	1	0	0	2	
25.3	51.4	200	173	5	5	35	17	3	16	7	0	1	0	1	2	4	7	6	0	6	1	6	17	
25.3	51.45	469	322	16	18	63	71	17	24	14	1	3	0	0	13	20	24	13	0	28	10	15	71	
25.3	51.5	498	439	11	9	52	53	7	25	14	0	1	0	0	7	3	7	17	1	11	2	16	43	
25.32	49.55	823	98	6	4	29	10	3	56	18	0	0	0	0	5	5	4	12	2	8	1	4	14	
25.32	49.6	196	40	0	1	7	6	0	28	4	2	0	0	0	0	0	3	4	0	2	1	1	3	
25.32	51.4	183	135	6	5	24	9	8	9	1	0	1	0	0	0	6	9	6	0	7	2	4	18	
25.32	51.45	566	399	12	8	42	33	14	36	6	0	0	0	0	12	8	10	18	0	21	4	7	55	
25.32	51.5	489	638	24	21	70	63	29	39	20	3	1	0	0	10	10	17	38	1	21	8	30	100	
25.34	49.5	289	33	0	1	19	1	0	42	6	0	0	0	0	1	0	3	3	0	1	1	1	9	
25.34	49.55	1374	256	10	11	102	17	10	89	50	1	0	1	0	7	3	17	16	0	8	1	4	35	
25.34	49.6	466	77	5	2	21	8	0	23	18	0	0	0	0	4	2	4	3	0	6	0	1	11	
25.34	51.4	132	81	1	4	12	12	3	9	2	0	0	0	0	2	3	4	5	0	5	2	3	13	
25.34	51.45	369	188	11	7	21	27	11	23	9	2	0	0	0	3	4	8	7	0	16	1	5	29	
25.34	51.5	487	514	13	6	61	23	17	59	20	0	0	0	0	9	7	24	37	0	20	2	14	71	
25.36	49.5	161	21	1	4	3	2	0	13	3	1	0	0	0	1	4	2	2	0	0	1	0	3	
25.36	49.55	1395	191	12	8	50	25	5	78	18	2	0	0	0	9	4	12	11	3	14	7	7	36	
25.36	49.6	328	30	4	1	5	1	0	12	5	0	0	0	0	0	1	1	1	2	2	0	0	2	
25.36	49.7	140	16	2	2	6	2	0	6	3	0	0	0	0	2	2	1	2	0	2	0	0	4	
25.36	51.2	75	12	1	0	1	3	0	2	0	0	0	0	0	1	0	1	1	1	3	0	0	4	
25.36	51.4	283	95	6	5	18	16	4	17	2	2	0	0	0	2	2	11	1	0	9	1	4	17	
25.36	51.45	396	264	13	5	34	19	8	36	14	0	0	0	0	1	3	5	4	2	8	2	4	31	
25.36	51.5	407	555	25	8	51	36	30	31	9	0	0	0	0	10	4	13	29	1	23	0	11	77	
25.36	51.55	6	22	0	0	0	0	1	0	0	0	0	0	0	0	0	0	0	0	0	0	0	2	
25.38	49.55	785	98	4	3	54	10	1	65	17	1	0	0	0	0	1	5	25	0	1	0	1	18	
25.38	49.6	252	31	2	0	5	5	0	11	5	2	0	0	0	1	0	0	1	1	1	0	1	7	
25.38	49.75	68	13	1	0	1	1	1	3	3	0	0	0	0	0	1	0	0	0	1	0	0	1	
25.38	51.4	235	94	5	1	15	8	4	13	7	0	1	0	0	5	1	5	2	0	8	0	0	19	
25.38	51.45	74	27	0	1	1	1	0	2	1	0	0	0	0	1	1	0	0	0	1	1	1	7	
25.38	51.5	25	41	1	3	3	2	2	3	0	0	0	0	0	0	1	0	1	0	1	0	1	3	
25.4	49.5	269	22	1	2	6	3	2	9	8	0	0	0	0	1	2	2	3	0	2	1	0	9	
25.4	49.55	891	83	6	5	64	9	2	59	15	0	0	0	0	5	2	8	11	1	8	3	3	35	
25.4	49.6	121	16	1	1	2	2	1	5	1	0	0	0	0	1	1	1	1	0	3	1	1	1	
25.4	49.65	129	22	1	0	2	0	4	6	0	0	0	0	0	1	1	1	1	0	1	1	0	6	
25.4	49.7	73	6	0	0	2	0	1	2	1	0	0	0	0	1	0	0	1	0	1	0	1	0	
25.4	50.75	9	20	2	1	8	8	1	1	0	0	0	0	0	2	1	1	0	0	4	1	2	4	
25.4	51.4	139	37	4	0	7	5	10	7	1	0	0	0	0	5	1	3	1	0	2	0	1	8	
25.42	49.5	222	16	1	1	2	6	0	3	2	0	0	0	0	0	0	1	1	0	0	0	1	7	
25.42	49.55	665	102	7	3	32	18	4	38	14	0	0	0	0	4	7	9	4	1	7	1	7	31	
25.42	49.65	133	15	0	1	7	1	1	6	0	0	0	0	0	1	0	2	1	0	1	0	0	5	
25.42	50.75	8	11	0	0	0	2	0	0	0	0	0	0	0	1	0	0	0	0	0	0	0	2	
25.44	49.5	316	26	0	1	7	4	0	17	8	0	0	0	0	0	0	1	2	0	0	0	0	4	
25.44	49.55	371	37	2	1	11	1	3	26	10	1	0	0	0	1	2	3	1	1	4	0	0	8	
25.44	49.6	140	23	1	1	4	6	1	7	2	1	0	0	0	1	1	1	2	0	1	1	0	3	
25.46	51.35	38	8	1	2	2	3	2	3	1	0	0	0	0	2	1	3	1	0	2	0	1	1	
25.48	51.35	64	14	3	0	1	4	1	4	1	0	0	0	0	1	2	1	0	0	1	0	1	4	
25.48	51.4	35	11	0	0	4	1	2	3	0	0	0	0	0	1	0	3	0	0	2	0	0	2	
25.5	44.15	23	2	0	0	1	2	0	0	0	0	0	0	0	0	0	0	1	0	0	0	0	0	
25.52	49.55	4	2	0	0	0	1	0	0	0	0	0	0	0	1	0	1	0	0	0	0	0	2	
25.560000000000002	47.15	181	7	1	1	3	1	0	11	2	0	0	0	0	0	0	0	1	0	2	1	1	3	
25.560000000000002	51.45	25	12	2	1	3	1	0	3	0	0	0	0	0	1	1	0	1	0	1	1	0	4	
25.58	39.2	26	3	1	0	1	1	1	3	3	0	0	0	0	2	0	1	0	0	1	0	1	4	
25.6	49.55	190	11	0	1	4	2	0	7	4	0	0	0	0	0	0	0	2	1	0	0	0	1	
25.66	51.45	47	20	1	1	5	3	0	6	0	0	0	0	0	2	1	0	1	0	2	0	1	2	
25.66	51.5	44	22	2	1	10	6	0	4	2	0	0	0	0	1	0	1	5	0	2	0	0	6	
25.68	51.45	54	21	1	1	11	2	0	6	0	0	0	0	0	0	1	0	0	0	1	0	2	8	
25.68	51.5	38	23	2	3	3	2	2	3	1	0	0	0	0	1	0	0	2	0	4	0	1	3	
25.7	51.5	17	46	2	3	21	7	4	0	3	0	0	0	0	1	1	0	4	0	4	1	0	10	
25.72	51.5	19	24	1	1	3	4	1	1	0	0	0	0	0	1	1	1	1	0	1	0	1	3	
25.82	50.6	7	12	0	2	1	2	1	0	0	0	0	0	0	0	1	0	3	0	2	0	0	1	
25.84	43.45	279	16	0	0	3	1	1	8	8	0	0	0	0	0	0	0	0	0	1	1	1	5	
25.84	43.5	92	6	0	1	1	1	2	4	4	0	0	0	0	0	1	0	0	1	0	0	0	2	
25.84	44.2	187	10	0	0	3	1	0	5	3	0	0	0	0	0	1	2	1	0	2	0	2	6	
25.86	43.45	587	53	1	2	8	5	3	23	11	3	0	0	0	0	2	3	2	4	4	1	2	12	
25.86	43.5	399	30	3	3	11	1	3	12	8	1	0	0	0	3	0	2	1	1	4	2	1	13	
25.88	43.45	194	18	4	1	2	0	0	9	4	0	0	0	0	1	0	0	2	0	1	1	1	1	
25.88	43.5	230	19	2	2	4	3	1	10	5	1	0	0	0	0	0	1	1	1	0	0	0	5	
25.9	45.3	208	6	0	0	3	2	1	3	0	0	0	0	0	1	1	1	0	0	1	0	1	1	
25.9	45.35	552	40	2	3	8	4	3	22	13	2	0	0	0	1	2	2	3	0	3	1	1	13	
25.92	49.65	330	37	2	1	11	2	2	13	13	2	0	0	0	1	3	2	0	0	1	2	1	5	
25.94	49.4	34	3	0	0	2	0	0	1	2	1	0	0	0	0	0	1	0	0	0	0	0	1	
25.94	49.65	89	14	1	1	3	1	1	3	1	0	0	0	0	0	0	0	0	0	0	0	0	2	
25.94	50.6	5	10	0	0	2	1	0	0	0	0	0	0	0	0	1	2	1	0	1	0	0	2	
25.96	48.85	21	6	0	0	2	0	0	1	0	0	0	0	0	0	0	0	0	0	0	0	0	0	
25.98	43.7	268	17	4	1	5	4	3	10	9	1	0	0	0	3	1	1	4	2	1	1	1	2	
25.98	50.5	96	30	0	1	5	7	0	2	2	0	0	0	0	0	1	1	3	0	5	0	1	3	
26.0	50.5	74	38	1	1	7	3	0	5	1	0	0	0	0	1	0	1	2	0	2	1	1	3	
26.02	44.95	65	8	2	2	2	4	1	4	1	0	0	0	0	0	1	2	1	0	2	2	1	5	
26.02	50.5	82	101	1	0	14	4	10	3	2	0	0	0	0	1	1	1	25	0	3	1	8	5	
26.04	50.45	106	58	2	1	30	7	2	2	3	0	0	0	0	0	2	3	5	0	3	1	1	12	
26.04	50.5	297	145	9	4	31	13	6	13	5	0	0	0	0	4	3	6	5	0	14	5	2	24	
26.060000000000002	43.6	126	7	1	1	4	2	1	4	3	1	0	0	0	1	1	1	3	0	1	1	2	4	
26.060000000000002	43.95	486	38	3	0	16	3	0	30	5	2	0	0	0	6	2	1	2	0	7	1	2	8	
26.060000000000002	44.0	185	8	1	0	3	1	0	4	4	1	0	0	0	0	0	0	1	0	0	0	0	4	
26.060000000000002	50.5	254	69	2	1	15	5	4	5	3	0	0	0	0	3	1	5	3	0	8	2	1	9	
26.08	43.95	691	66	8	1	22	6	1	34	5	2	0	0	0	3	3	4	4	1	2	0	3	12	
26.08	44.0	641	57	2	3	12	3	2	26	13	0	0	0	0	4	0	4	4	1	3	0	2	9	
26.08	50.0	14	26	0	0	7	0	0	0	0	0	0	0	0	0	0	0	4	0	1	0	0	1	
26.08	50.45	63	27	3	3	7	5	2	3	5	0	1	0	0	2	0	0	2	0	4	1	2	7	
26.08	50.5	220	91	9	3	25	12	3	11	9	0	0	0	0	3	4	7	2	0	15	2	2	17	
26.08	50.55	67	45	0	0	5	2	0	4	0	0	0	0	0	0	0	0	4	0	5	0	1	2	
26.1	43.95	364	28	1	1	9	3	3	16	12	0	0	0	0	1	1	4	1	1	1	1	0	6	
26.1	44.0	247	18	1	1	5	2	2	9	4	0	0	0	0	1	0	1	0	0	2	0	0	2	
26.1	50.15	24	18	0	0	2	0	0	2	0	0	0	0	0	0	0	2	3	0	2	0	0	22	
26.1	50.45	137	51	4	6	10	10	4	5	2	0	0	0	0	1	3	6	5	0	8	1	5	14	
26.1	50.5	298	116	10	5	23	19	5	9	5	0	0	0	0	5	11	7	11	0	13	4	5	24	
26.1	50.55	262	120	10	8	18	14	8	14	0	0	0	0	0	9	8	11	3	1	19	2	3	20	
26.12	43.65	250	13	2	0	4	0	1	11	3	0	0	0	0	1	0	2	0	2	0	0	0	4	
26.12	50.05	19	37	0	0	1	0	0	4	0	0	0	0	0	0	0	0	1	0	1	0	3	2	
26.12	50.45	169	53	5	2	11	6	3	8	1	0	0	0	0	1	4	4	3	0	11	3	2	18	
26.12	50.5	599	220	15	14	46	31	7	18	6	1	0	0	0	9	16	7	18	0	23	6	11	42	
26.12	50.55	954	476	49	31	104	68	25	39	21	1	0	1	0	30	39	29	29	2	66	14	18	95	
26.12	50.6	57	26	3	0	2	5	0	1	1	0	0	0	0	1	3	1	2	0	4	0	2	3	
26.14	43.65	173	12	1	1	4	1	0	4	1	0	0	0	0	0	1	1	0	0	0	0	1	4	
26.14	43.95	53	3	0	0	0	0	0	1	1	0	0	0	0	0	0	0	1	0	0	0	1	1	
26.14	50.05	170	201	3	5	96	8	36	41	3	1	0	0	0	3	3	6	4	0	6	1	2	22	
26.14	50.15	75	289	2	3	9	7	1	6	1	0	0	0	0	1	2	1	5	0	1	1	0	10	
26.14	50.45	147	61	2	3	12	10	4	10	3	0	0	0	0	3	1	3	4	2	6	0	3	20	
26.14	50.5	350	163	14	14	27	39	9	17	4	0	1	0	0	7	16	16	10	0	23	8	6	41	
26.14	50.55	349	206	25	14	51	39	10	14	2	1	0	0	0	13	11	18	12	0	32	11	5	42	
26.14	50.6	113	44	2	1	13	7	1	7	0	0	0	0	0	1	1	1	2	0	6	2	3	5	
26.16	50.15	166	54	1	1	6	4	2	11	3	0	0	0	0	1	0	1	1	0	4	0	1	7	
26.16	50.45	108	67	4	3	7	5	2	3	4	0	0	0	0	3	2	2	7	0	5	0	3	9	
26.16	50.5	414	208	14	11	33	26	6	16	3	0	0	0	0	9	15	13	13	0	29	4	8	36	
26.16	50.55	430	210	21	24	43	38	13	20	7	0	0	0	0	10	17	16	16	2	39	9	12	45	
26.16	50.6	110	32	1	2	4	3	0	3	1	1	0	0	0	1	1	1	5	1	5	1	1	8	
26.18	50.0	36	32	0	0	2	0	0	2	0	0	0	0	0	0	0	0	1	0	1	0	0	0	
26.18	50.15	124	26	1	4	13	4	2	4	7	0	0	0	0	0	4	2	3	0	3	0	1	7	
26.18	50.2	102	18	1	0	1	2	1	5	0	0	0	0	0	0	0	0	0	0	0	0	0	5	
26.18	50.3	400	544	4	1	49	13	6	35	2	0	0	0	0	2	2	1	7	0	1	0	2	8	
26.18	50.45	107	118	16	5	13	21	3	5	2	0	0	0	0	5	5	9	5	0	10	2	3	23	
26.18	50.5	282	176	9	3	33	18	6	9	3	1	0	0	0	4	5	9	8	0	14	4	9	32	
26.18	50.55	136	59	2	4	10	11	1	9	1	0	0	0	0	1	4	5	3	0	4	1	2	8	
26.2	50.15	463	145	6	14	55	20	7	34	18	1	0	0	0	7	6	4	6	1	11	4	9	35	
26.2	50.2	417	222	8	3	12	6	4	42	13	0	0	0	0	3	7	3	4	1	9	0	4	14	
26.2	50.4	27	11	1	1	3	4	1	1	0	0	0	0	0	2	1	1	0	0	4	1	1	3	
26.2	50.45	191	145	5	6	22	24	3	11	1	0	0	0	0	7	12	6	8	1	8	3	5	26	
26.2	50.5	262	165	14	5	25	19	6	10	4	0	0	0	0	4	19	12	14	3	22	1	5	25	
26.2	50.55	629	644	34	22	128	79	20	39	10	3	1	0	2	22	20	44	24	3	43	14	14	124	
26.2	50.6	226	277	13	8	35	26	8	7	5	0	0	0	0	7	10	6	23	1	14	3	4	40	
26.22	49.95	60	12	0	1	5	3	0	3	1	0	0	0	0	0	0	1	1	0	0	0	0	3	
26.22	50.15	241	51	6	0	3	3	1	8	1	0	0	0	0	4	4	7	18	0	3	1	1	8	
26.22	50.45	72	37	3	2	5	7	0	6	0	0	0	0	0	0	4	2	2	0	4	0	2	4	
26.22	50.5	566	570	15	15	66	65	26	40	11	0	0	0	0	12	16	17	28	0	26	9	15	81	
26.22	50.55	998	1070	25	31	208	110	34	118	21	2	0	1	1	21	34	60	77	1	57	9	34	166	
26.22	50.6	137	131	7	3	19	9	7	4	0	1	0	0	0	2	3	7	6	1	5	1	4	13	
26.22	50.65	152	66	3	5	14	8	3	5	2	0	0	0	0	1	5	3	3	0	10	1	0	14	
26.240000000000002	49.95	59	27	0	1	6	3	0	1	1	0	0	0	0	0	1	0	0	1	0	0	1	4	
26.240000000000002	50.15	195	16	0	0	8	3	0	4	1	0	0	0	0	0	2	0	0	0	0	0	0	1	
26.240000000000002	50.2	553	77	4	1	34	5	7	42	11	0	0	0	0	2	5	3	8	1	8	3	3	18	
26.240000000000002	50.5	61	91	3	1	9	3	3	7	2	0	0	0	0	0	0	3	28	0	3	0	0	7	
26.240000000000002	50.55	214	148	7	3	28	11	3	5	2	0	0	0	0	4	1	6	9	0	3	0	7	16	
26.240000000000002	50.6	769	394	50	34	106	84	35	62	24	2	0	2	0	27	40	23	44	2	75	22	25	101	
26.240000000000002	50.65	202	84	3	2	10	12	4	6	3	0	0	0	0	2	6	3	4	0	8	2	4	17	
26.259999999999998	50.55	9	10	0	0	0	1	0	0	0	0	0	0	0	0	1	2	0	0	1	0	1	3	
26.259999999999998	50.6	170	75	3	2	6	8	3	7	5	0	0	0	0	1	8	1	4	0	6	1	1	19	
26.28	44.8	364	29	4	2	12	4	0	17	15	0	0	0	0	1	4	3	4	1	4	1	1	1	
26.3	43.75	172	7	0	0	2	0	0	6	27	1	0	0	0	0	0	0	0	0	0	0	0	3	
26.3	43.95	356	16	0	0	3	2	1	9	10	0	0	0	0	1	0	0	1	0	1	0	0	1	
26.3	44.0	376	15	3	1	4	4	1	10	9	3	0	0	0	0	0	1	2	2	2	0	2	6	
26.3	44.05	102	3	1	1	2	1	0	1	4	0	0	0	0	1	0	0	0	0	1	0	0	1	
26.3	44.8	404	34	4	1	7	2	0	18	11	0	0	0	0	2	1	1	2	1	3	2	1	5	
26.32	43.9	189	5	0	1	5	1	0	6	4	0	0	0	0	0	1	0	0	2	0	0	1	3	
26.32	43.95	901	59	1	0	21	6	2	37	24	0	0	0	0	3	2	3	0	1	2	2	4	14	
26.32	44.0	317	15	3	1	7	0	0	11	5	1	0	0	0	0	0	2	1	0	0	2	1	1	
26.34	43.9	364	28	3	0	6	2	2	13	7	0	0	0	0	0	0	2	2	0	0	0	1	4	
26.34	43.95	794	48	7	5	16	7	3	24	14	0	0	0	0	3	3	3	3	1	4	0	2	20	
26.36	43.85	193	10	1	1	5	1	1	5	6	1	0	0	0	1	1	1	1	0	2	1	0	1	
26.36	43.9	834	64	4	2	21	11	0	24	16	0	0	0	0	1	0	3	1	1	2	0	2	16	
26.36	43.95	928	49	3	2	14	3	3	34	22	2	0	0	0	1	2	2	1	1	4	1	3	12	
26.36	44.2	26	2	0	0	0	0	0	2	1	1	0	0	0	0	1	0	1	0	0	0	0	0	
26.380000000000003	43.85	263	12	0	1	7	0	1	11	3	0	0	0	0	1	0	1	0	1	0	0	1	2	
26.380000000000003	43.9	760	66	2	5	10	5	1	33	13	0	0	0	0	4	3	4	5	1	5	1	0	7	
26.380000000000003	43.95	685	41	1	2	11	3	2	33	18	2	0	0	0	2	2	1	5	0	2	0	3	11	
26.4	43.9	450	34	1	0	5	0	0	16	11	0	0	0	0	0	1	2	2	0	1	0	1	5	
26.6	37.9	200	17	2	1	4	1	0	0	2	0	0	0	0	2	1	0	1	0	1	0	0	2	
26.759999999999998	36.65	11	0	0	0	0	0	0	1	1	0	0	0	0	0	0	0	0	0	0	0	0	0	
27.42	41.55	38	1	1	0	1	1	1	1	0	1	0	0	0	1	0	0	2	0	0	0	0	1	
27.46	41.6	192	14	1	0	3	2	0	8	3	0	0	0	0	1	0	1	1	0	0	0	0	3	
27.46	41.65	377	10	1	0	3	0	2	13	5	2	0	0	0	0	0	0	1	0	0	0	0	3	
27.46	41.7	281	15	1	0	5	2	1	11	8	0	0	0	0	0	0	2	1	1	0	0	2	4	
27.46	48.45	306	14	2	1	9	3	0	14	10	0	0	0	0	0	1	0	2	0	2	0	1	4	
27.48	41.65	609	36	4	1	8	4	1	29	7	0	0	0	0	0	2	2	3	0	1	2	0	11	
27.5	41.65	914	55	1	3	18	8	5	38	15	2	1	0	0	1	2	3	5	4	4	1	6	13	
27.5	41.7	353	12	0	1	6	2	2	17	13	1	0	0	0	0	0	3	0	0	6	0	1	7	
27.52	41.65	855	64	1	0	17	4	2	37	20	1	0	0	0	1	1	4	4	0	4	1	4	9	
27.52	41.7	185	12	1	1	3	1	0	4	1	0	0	0	0	0	1	0	0	0	1	0	0	3	
27.54	41.65	580	37	2	0	11	3	1	26	10	1	0	0	0	2	0	6	2	1	0	1	4	8	
27.54	41.7	493	25	0	2	5	1	0	23	10	0	0	0	0	0	0	3	1	0	2	0	0	6	
27.560000000000002	41.65	291	15	0	0	5	0	0	15	5	0	0	0	0	2	0	1	0	0	0	1	1	2	
27.560000000000002	41.7	305	16	1	0	7	0	1	13	6	0	0	0	0	2	0	0	0	1	0	0	2	4	
27.6	38.5	160	11	1	0	2	0	0	5	6	0	0	0	0	1	1	0	0	0	0	0	0	7	
27.62	38.5	194	7	0	1	4	1	0	6	11	0	0	0	0	0	0	1	0	1	0	0	0	5	
27.98	45.5	500	31	1	5	15	4	1	24	17	2	0	0	0	4	1	3	2	4	4	0	1	11	
27.98	45.55	191	5	0	0	2	1	0	7	3	0	0	0	0	0	1	1	1	3	0	0	1	4	
28.12	45.65	196	9	1	1	1	0	1	7	5	0	0	0	0	1	1	0	0	1	0	0	0	2	
28.3	46.1	221	14	0	0	6	1	0	14	5	0	0	0	0	2	1	1	0	1	1	0	2	4	
28.34	36.55	450	29	2	1	11	4	1	16	6	0	0	0	0	1	0	0	3	0	3	3	2	4	
28.36	36.5	359	26	1	0	5	1	1	27	18	0	0	0	0	0	0	2	2	1	2	0	1	6	
28.36	36.55	859	46	1	1	26	4	2	28	26	0	0	0	0	2	0	7	4	2	0	0	0	6	
28.36	45.95	335	18	2	1	8	2	1	5	5	1	0	0	0	1	1	2	3	2	2	0	0	4	
28.380000000000003	36.5	880	55	2	1	19	3	0	38	15	0	0	0	0	1	2	5	2	4	4	0	1	17	
28.380000000000003	36.55	1520	96	10	4	30	16	9	51	36	0	1	0	0	7	4	9	8	5	10	2	2	20	
28.380000000000003	36.6	153	13	0	0	4	0	0	10	6	2	0	0	0	1	1	1	0	0	3	0	0	4	
28.380000000000003	45.9	196	10	1	0	5	4	1	11	4	0	0	0	0	0	0	3	1	2	0	0	0	3	
28.380000000000003	45.95	681	29	3	1	15	2	2	26	15	1	0	0	0	4	0	3	3	4	3	0	0	7	
28.4	36.5	913	42	2	2	15	0	4	42	25	2	0	0	0	2	1	1	4	1	2	1	1	12	
28.4	36.55	1396	93	5	10	24	9	6	59	30	2	0	0	0	4	5	9	4	0	6	3	4	20	
28.4	45.9	337	16	1	1	8	0	0	12	9	1	0	0	0	1	0	2	1	2	0	0	1	3	
28.4	45.95	757	37	1	1	15	7	2	16	15	1	0	0	0	2	1	5	6	2	3	1	1	10	
28.4	48.45	420	35	2	4	11	5	1	26	13	1	1	0	0	1	1	4	4	1	4	1	4	6	
28.4	48.5	59	11	1	0	2	2	0	1	0	0	0	0	0	0	0	2	0	0	0	0	1	0	
28.42	36.5	366	11	2	1	5	1	1	10	4	0	0	0	0	0	1	1	3	1	1	2	1	4	
28.42	36.55	650	44	4	2	11	2	3	29	14	0	0	0	0	2	1	2	1	1	0	2	5	11	
28.42	45.9	345	20	1	0	4	1	1	12	9	1	0	0	0	1	0	2	0	0	0	0	1	0	
28.42	45.95	841	36	3	1	13	3	2	28	10	1	1	0	0	1	1	5	3	2	1	0	2	12	
28.42	48.45	224	21	1	0	4	1	1	8	4	1	0	0	0	0	1	0	0	1	3	0	0	2	
28.439999999999998	36.5	190	7	1	0	2	0	0	6	3	1	0	0	0	0	0	1	0	0	2	0	0	3	
28.439999999999998	36.55	121	4	0	0	0	1	1	4	2	0	0	0	0	0	0	0	0	0	0	0	0	1	
28.439999999999998	45.95	628	28	2	1	6	2	2	22	23	0	1	0	0	3	0	2	3	1	1	0	2	5	
28.439999999999998	46.0	236	10	1	1	5	0	0	7	5	0	0	0	0	1	0	1	1	0	1	0	0	5	
28.439999999999998	48.45	243	30	2	3	8	0	1	13	6	0	0	0	0	0	1	2	0	1	2	1	0	5	
28.54	48.35	190	18	2	2	16	6	0	5	3	1	0	0	0	0	0	13	0	0	1	0	0	1	
28.6	48.3	51	22	0	0	11	7	0	2	0	0	0	0	0	0	1	5	0	0	2	0	1	2	
28.62	48.35	49	16	4	1	15	5	0	5	2	0	0	0	0	0	0	4	2	0	1	0	0	3	
28.64	48.35	341	155	6	12	115	21	5	44	10	0	0	0	0	5	5	12	11	0	20	0	10	38	
28.66	48.3	65	48	0	0	4	6	0	2	1	0	0	0	0	0	0	0	0	0	1	0	1	5	
28.66	48.35	268	162	6	6	109	29	5	120	3	0	0	0	0	2	7	4	6	0	11	3	8	26	
28.68	48.25	140	37	2	3	11	6	0	3	1	0	0	0	0	0	0	0	3	0	3	4	4	14	
28.700000000000003	48.25	206	51	3	8	9	10	2	10	0	0	0	0	0	1	1	4	0	0	3	0	3	11	
28.72	48.25	186	266	2	2	21	11	0	27	1	0	0	0	0	2	2	11	7	0	6	1	0	24	
28.72	48.35	23	4	1	1	3	1	1	1	0	0	0	0	0	1	1	1	0	1	2	1	1	1	
28.740000000000002	48.25	179	46	1	2	5	3	0	4	1	0	0	0	0	1	0	13	1	0	2	0	2	5	
28.740000000000002	48.35	10	2	1	2	1	1	0	1	0	0	0	0	0	1	1	1	1	0	1	1	0	3	
28.759999999999998	48.25	135	35	1	5	19	6	1	4	1	0	0	0	0	2	1	3	1	0	5	2	2	9	
28.78	48.2	117	30	0	2	3	5	1	12	2	0	0	0	0	0	1	2	1	0	2	0	0	4	
28.78	48.25	240	130	4	6	52	18	4	10	4	0	0	0	0	1	3	9	4	0	12	2	2	12	
28.8	48.25	229	99	5	2	98	10	3	9	6	0	0	0	0	0	0	5	2	0	11	3	2	34	
28.82	48.25	126	29	3	2	20	5	3	6	5	0	0	0	0	1	1	3	2	0	3	1	1	5	
28.84	48.15	75	9	0	0	15	4	0	4	0	0	0	0	0	0	1	2	0	0	1	0	0	15	
28.84	48.2	157	28	0	3	15	5	0	3	3	0	0	0	0	1	3	3	0	0	2	0	1	7	
28.84	48.25	32	14	1	4	10	0	1	3	1	0	0	0	0	0	0	3	1	0	2	0	0	5	
28.86	48.15	49	14	0	0	2	2	0	4	0	0	0	0	0	0	2	0	2	0	2	0	1	5	
28.86	48.2	305	46	2	4	73	7	4	15	6	0	0	0	0	1	1	5	1	0	3	3	1	45	
28.86	48.25	45	33	2	2	34	2	0	1	2	0	0	0	0	1	3	2	2	1	0	0	1	2	
28.880000000000003	48.15	50	11	1	1	4	1	1	2	0	0	0	0	0	0	0	0	2	0	2	0	0	3	
28.880000000000003	48.2	236	90	5	3	59	15	1	17	3	0	0	0	0	0	4	51	2	1	3	3	3	40	
28.880000000000003	48.25	59	46	6	1	145	4	1	11	1	0	0	0	0	1	3	7	2	0	7	1	1	7	
28.9	48.2	185	41	1	1	42	4	2	13	2	0	0	0	0	0	0	4	1	0	3	0	0	11	
28.92	48.15	316	66	2	3	22	0	0	9	2	1	0	0	0	0	3	5	4	0	5	2	0	10	
28.92	48.2	40	31	0	0	8	2	0	0	0	0	0	0	0	0	1	0	0	0	1	0	0	3	
28.939999999999998	48.05	2	2	1	0	1	1	1	0	0	0	0	0	0	0	1	1	0	0	0	0	0	2	
28.939999999999998	48.1	512	68	3	10	18	9	1	16	3	0	1	0	0	0	3	13	2	0	11	0	5	16	
28.939999999999998	48.15	364	58	3	2	35	5	3	21	6	1	0	0	1	6	2	7	3	1	8	3	1	11	
28.96	48.1	220	27	2	3	14	6	2	8	1	1	0	0	0	0	2	6	3	0	6	3	2	8	
28.96	48.15	231	36	1	1	20	5	0	6	0	0	0	0	0	1	0	5	1	0	7	0	2	9	
28.98	48.1	193	24	0	1	4	1	0	3	4	0	0	0	0	0	1	1	2	0	2	0	0	2	
28.98	48.15	36	13	0	0	28	4	1	1	0	0	0	0	0	0	1	1	0	0	0	1	0	5	
29.0	48.05	139	35	2	2	16	3	1	7	1	0	0	0	0	1	2	1	0	0	5	0	0	4	
29.0	48.1	94	21	1	0	5	0	2	2	2	0	0	0	0	0	2	0	0	0	0	0	0	9	
29.02	48.1	143	33	2	1	7	4	0	10	2	0	0	0	1	1	0	1	2	0	2	1	2	5	
29.04	48.1	131	25	1	2	13	4	3	6	2	0	0	0	0	1	2	0	2	0	1	0	2	3	
29.060000000000002	48.05	291	53	2	5	16	5	1	10	4	0	0	0	0	1	1	2	4	0	4	2	2	11	
29.060000000000002	48.1	459	72	3	5	30	13	2	19	3	1	0	0	0	3	6	11	5	0	11	4	1	12	
29.08	47.7	202	40	5	2	26	12	0	12	0	0	0	0	0	1	0	1	5	0	4	1	1	8	
29.08	47.75	249	47	5	4	7	13	3	9	8	0	0	0	0	1	0	4	1	0	6	0	1	9	
29.08	48.05	690	187	6	7	80	21	9	30	14	2	0	0	0	6	8	11	12	1	11	2	7	43	
29.08	48.1	1255	378	20	24	109	52	22	53	31	2	0	0	2	15	24	45	17	1	37	12	13	77	
29.1	47.7	136	38	0	2	9	2	0	4	1	0	0	0	0	0	0	2	2	0	1	1	0	1	
29.1	47.75	185	41	2	3	32	6	2	8	1	0	0	0	0	1	1	1	3	0	6	2	1	5	
29.1	48.05	352	67	2	3	31	10	5	19	3	0	0	0	0	3	2	4	7	0	14	0	3	12	
29.1	48.1	1224	602	34	35	145	77	25	106	27	1	1	0	0	25	30	29	29	3	57	18	16	105	
29.12	47.8	121	17	3	2	15	7	1	1	2	0	0	0	0	1	2	4	2	0	4	1	0	9	
29.12	48.05	600	93	9	6	51	20	7	25	5	0	0	0	0	5	7	7	4	0	20	4	4	27	
29.12	48.1	1113	426	27	31	132	55	20	49	14	5	1	0	2	13	27	25	16	0	47	13	18	97	
29.14	47.8	132	31	3	1	4	3	0	5	0	0	0	0	0	0	0	3	1	0	3	7	0	4	
29.14	48.05	949	203	21	16	70	44	18	46	8	3	0	0	0	11	27	19	15	0	50	9	14	47	
29.14	48.1	1120	472	23	23	198	61	20	73	20	4	1	0	0	19	26	31	22	1	54	9	14	80	
29.16	48.05	1646	680	42	32	163	77	21	135	34	2	0	0	0	18	35	72	25	1	81	13	19	110	
29.16	48.1	1196	797	47	37	140	88	33	114	20	3	0	0	0	36	53	47	37	4	89	22	18	125	
29.18	47.9	88	33	0	0	4	1	0	4	0	0	0	0	0	0	0	1	1	0	0	1	0	3	
29.18	48.0	357	77	4	4	25	6	0	16	8	0	0	0	0	2	1	2	0	0	8	0	0	8	
29.18	48.05	1660	509	59	76	211	116	42	148	40	4	2	0	0	50	72	79	49	4	118	20	30	172	
29.18	48.1	378	133	5	6	26	15	3	13	2	0	0	0	0	0	8	8	5	0	10	2	2	36	
29.200000000000003	48.0	399	110	2	20	28	9	1	16	17	0	0	0	0	1	2	3	25	0	9	1	1	12	
29.200000000000003	48.05	1829	502	55	58	215	101	37	143	40	2	1	0	0	38	60	62	42	3	123	26	25	144	
29.200000000000003	48.1	402	584	4	13	130	15	13	37	4	0	0	0	0	3	1	16	12	0	10	1	6	64	
29.22	47.85	238	64	7	12	28	14	6	18	7	0	0	0	0	4	11	11	7	0	19	3	2	23	
29.22	47.9	396	132	13	27	75	27	15	40	13	2	0	0	0	13	20	24	15	0	37	12	10	41	
29.22	47.95	565	306	3	11	38	28	5	41	9	0	0	0	0	10	3	27	4	0	8	2	5	25	
29.22	48.0	196	28	4	3	4	5	0	9	10	0	0	1	0	0	2	4	1	0	1	0	2	7	
29.22	48.05	1695	519	56	72	199	119	49	132	36	3	0	0	0	54	62	77	42	2	121	34	25	165	
29.240000000000002	47.8	257	32	6	0	7	7	2	10	1	0	0	0	0	3	4	4	4	0	4	1	0	9	
29.240000000000002	47.85	647	182	16	28	116	33	13	35	14	2	0	0	0	14	25	40	18	1	37	8	13	51	
29.240000000000002	47.9	923	257	30	43	128	58	23	63	33	0	0	0	0	28	33	29	20	1	60	11	16	88	
29.240000000000002	47.95	1106	509	6	10	64	901	7	518	29	1	0	0	0	11	10	14	15	1	22	0	5	46	
29.240000000000002	48.0	716	239	14	30	64	33	8	36	19	1	1	1	0	2	9	11	15	3	22	7	6	34	
29.240000000000002	48.05	1881	582	59	82	249	140	47	130	56	5	0	0	0	45	74	85	49	0	139	25	36	162	
29.259999999999998	47.8	567	61	5	1	20	8	4	19	6	0	0	0	0	3	2	8	2	0	3	3	5	19	
29.259999999999998	47.85	1093	184	15	12	53	37	13	45	14	2	0	0	0	21	32	22	20	3	40	11	10	50	
29.259999999999998	47.9	1634	365	25	30	97	66	18	123	22	1	0	1	0	15	30	28	23	1	51	13	13	72	
29.259999999999998	47.95	2803	2361	59	76	536	197	83	146	39	1	0	0	0	45	81	155	88	6	125	32	55	288	
29.259999999999998	48.0	2588	1250	92	92	309	253	71	185	70	6	0	0	0	59	122	101	90	2	174	50	71	351	
29.259999999999998	48.05	2131	1401	87	83	410	175	55	186	73	3	0	0	0	51	103	104	66	3	151	33	51	231	
29.28	47.7	146	18	1	0	3	3	2	5	1	0	0	0	0	1	0	2	1	0	2	2	1	5	
29.28	47.75	218	24	1	1	3	2	0	4	1	0	0	0	0	0	1	2	0	0	5	0	0	4	
29.28	47.8	654	84	9	7	27	17	7	30	13	0	0	0	0	8	9	4	7	0	19	3	4	23	
29.28	47.85	1631	367	33	36	106	55	29	96	37	4	0	0	1	25	37	30	35	0	82	22	21	92	
29.28	47.9	1786	454	44	31	119	73	29	88	23	3	0	0	0	17	27	34	23	1	71	20	25	97	
29.28	47.95	2229	665	51	63	220	162	40	138	30	3	2	0	1	41	66	73	48	1	106	22	42	172	
29.28	48.0	2515	1425	142	153	391	293	100	229	42	0	0	0	0	89	132	156	90	3	225	59	65	338	
29.28	48.05	2497	1535	122	131	328	300	93	242	51	4	0	0	1	95	135	126	104	10	230	64	80	324	
29.3	47.65	564	52	4	3	12	6	2	29	6	2	0	0	0	3	2	2	9	0	6	2	2	18	
29.3	47.7	905	163	29	21	65	33	16	60	18	0	0	0	0	11	19	20	20	2	42	15	10	58	
29.3	47.75	490	111	13	15	49	23	6	27	6	0	0	0	0	14	16	12	11	0	31	4	8	35	
29.3	47.8	775	149	19	13	36	26	10	33	10	1	0	0	0	10	12	13	13	2	31	3	8	34	
29.3	47.85	1571	407	64	67	154	90	51	130	36	1	1	0	0	46	54	55	40	2	101	33	37	129	
29.3	47.9	3596	3981	82	75	356	281	104	378	44	5	0	1	0	38	66	125	67	1	135	32	40	335	
29.3	47.95	3375	1659	117	109	438	303	98	219	100	4	0	0	0	83	125	147	86	4	204	35	57	296	
29.3	48.0	3219	1542	151	158	448	342	103	271	55	2	0	0	0	83	145	183	99	5	238	59	61	359	
29.3	48.05	2697	1956	109	190	379	338	76	236	65	4	1	0	1	69	116	102	64	7	183	48	49	254	
29.32	47.6	156	14	0	0	1	0	1	6	3	0	0	0	0	1	1	0	1	0	1	1	0	3	
29.32	47.65	1324	135	14	8	52	21	11	62	27	5	1	1	0	9	12	9	14	2	21	5	9	49	
29.32	47.7	641	84	6	4	30	17	6	20	10	0	0	0	0	2	13	6	4	0	20	0	5	36	
29.32	47.75	387	149	11	7	28	17	4	26	12	0	0	0	0	4	10	10	7	0	17	3	5	18	
29.32	47.85	321	72	2	3	11	7	2	9	6	0	0	1	0	1	2	1	0	0	2	1	2	6	
29.32	47.9	2123	831	13	16	202	89	16	111	32	1	0	1	0	6	23	25	28	0	42	8	9	83	
29.32	47.95	3978	2290	114	163	673	440	83	360	97	0	1	2	0	71	129	189	105	2	207	42	56	407	
29.32	48.0	4309	2366	196	189	694	445	153	300	108	4	1	0	1	132	206	253	135	10	303	107	91	502	
29.32	48.05	3191	1815	141	124	406	380	92	259	57	3	3	0	0	88	128	139	91	8	231	58	65	323	
29.34	47.5	13	13	1	0	1	0	0	0	0	0	0	0	0	0	0	0	0	1	0	0	0	1	
29.34	47.65	1217	164	13	14	49	30	11	59	13	3	1	0	1	6	9	22	16	0	31	6	8	45	
29.34	47.7	184	18	3	1	2	3	0	2	3	1	0	0	0	0	2	2	1	0	1	1	1	4	
29.34	47.75	66	12	0	1	2	2	1	1	2	0	0	0	0	0	1	3	1	0	0	0	0	1	
29.34	47.9	1523	694	13	21	149	87	15	116	45	1	0	0	0	5	17	30	27	0	32	14	14	132	
29.34	47.95	3278	1761	90	101	496	285	62	212	70	3	2	0	2	46	103	182	81	3	156	42	46	429	
29.34	48.0	2939	1525	68	85	343	265	79	192	58	0	1	0	0	52	90	102	58	3	139	26	36	221	
29.34	48.05	1925	1824	58	76	230	318	51	161	27	1	1	0	0	40	53	46	52	2	101	13	40	208	
29.36	47.6	118	15	0	0	2	2	0	7	0	0	0	0	0	1	1	2	3	0	1	0	2	0	
29.36	47.95	4237	3446	79	73	716	360	101	486	136	2	1	0	0	52	67	104	105	5	120	39	61	328	
29.36	48.0	1612	777	29	24	186	115	26	75	19	0	1	0	1	11	26	40	31	1	54	9	16	92	
29.380000000000003	47.95	1511	887	24	19	170	74	13	186	30	1	0	0	0	5	15	31	17	0	25	2	4	63	
29.380000000000003	48.0	216	249	5	1	10	27	2	19	5	0	0	0	0	0	3	2	1	1	3	0	3	14	
29.62	43.5	502	27	1	3	6	7	2	27	10	2	0	0	0	0	1	2	5	2	1	0	3	8	
29.62	43.55	49	4	2	1	1	1	1	4	1	0	0	0	0	1	1	2	1	1	1	1	2	2	
29.64	43.5	159	11	1	2	4	0	0	9	4	1	0	0	0	0	0	1	0	0	1	0	0	1	
29.68	47.4	1	15	1	1	0	2	0	0	0	0	0	0	0	0	3	1	1	0	1	0	0	2	
29.68	47.65	26	2	1	0	0	0	1	0	0	0	0	0	0	0	0	0	1	0	1	0	0	0	
29.8	39.85	209	12	1	0	3	1	2	11	5	0	0	0	0	0	0	1	2	0	1	1	0	5	
29.92	40.15	298	16	2	2	5	0	1	5	10	0	0	0	0	2	0	2	0	2	0	0	1	6	
29.939999999999998	40.15	273	14	2	0	4	2	0	10	8	1	0	0	0	1	1	0	1	0	2	1	1	4	
29.939999999999998	40.2	284	18	2	2	7	3	0	11	7	1	0	0	0	2	2	2	0	0	2	1	3	6	
29.96	40.15	276	17	1	1	2	1	2	8	3	0	0	0	0	0	0	1	4	1	3	0	0	3	
29.96	40.2	359	21	3	0	7	1	1	13	5	1	0	0	0	1	0	4	0	0	0	1	1	5	
29.98	40.15	111	11	0	0	1	1	2	2	4	1	0	0	0	0	0	0	0	1	2	0	1	4	
29.98	40.2	365	15	3	0	3	2	1	8	10	1	0	0	0	1	0	1	0	0	2	0	1	8	
30.02	47.7	12	3	2	0	1	0	0	0	0	0	0	0	0	0	0	0	0	0	0	0	0	1	
30.32	48.25	1	1	0	0	5	0	0	2	0	0	0	0	0	0	0	0	0	0	0	0	0	1	
30.32	48.3	1	1	0	0	0	0	0	1	0	0	0	0	0	0	0	0	0	0	0	0	0	1	
30.34	48.25	0	0	0	0	0	0	0	2	0	0	0	0	0	0	0	0	0	0	0	0	0	0	
30.36	48.2	2	0	0	0	0	1	0	2	0	0	0	0	0	0	0	0	0	0	0	0	0	0	
30.380000000000003	47.65	53	1	1	1	1	1	1	2	1	0	0	0	0	1	0	1	0	0	0	0	0	3	
30.48	47.75	65	7	2	1	3	1	1	5	1	0	0	0	0	0	0	2	0	0	1	0	0	2	
30.5	47.8	163	26	2	7	10	2	1	12	2	0	0	0	0	0	0	1	3	0	3	0	0	4	
30.52	47.8	78	8	0	1	2	5	0	4	0	0	0	0	0	0	0	1	0	0	2	0	0	2	
30.52	47.85	18	3	1	1	3	1	0	1	0	0	0	0	0	0	0	0	1	0	0	0	0	2	
30.96	41.0	730	40	3	4	14	9	5	33	11	0	0	0	0	1	1	3	2	1	3	1	1	7	
30.98	41.0	778	46	1	1	15	7	1	32	27	2	0	0	0	2	1	2	1	3	3	1	1	5	
30.98	41.05	288	14	1	0	4	1	0	10	6	0	0	0	0	0	0	1	2	1	2	1	1	3	
31.3	37.3	214	13	0	2	3	1	0	8	8	1	0	0	0	2	0	1	1	0	1	0	0	2	
31.3	37.35	151	12	1	0	1	0	1	9	5	1	0	0	0	1	0	0	1	0	0	0	1	2	
31.32	37.3	340	16	2	1	11	2	1	9	11	0	0	0	1	0	3	1	1	3	2	1	0	1	
31.32	37.35	271	11	0	0	6	1	0	13	9	1	0	0	0	0	0	1	1	1	0	0	2	0	
31.34	37.3	238	12	0	0	4	0	0	8	4	0	0	0	0	0	0	0	0	1	0	0	1	1	
31.66	38.65	283	18	1	0	5	1	0	14	12	0	0	0	0	0	0	3	0	1	1	0	0	3	
31.96	44.9	10	3	0	0	0	1	0	0	0	1	0	0	0	0	0	0	0	0	1	0	0	2	
31.98	44.3	162	27	2	2	4	3	2	8	8	0	0	0	0	4	2	0	2	0	4	0	0	5	
