18.02	42.4	52	0	0	0	0	0	0	0	0	0	0	0	0	0	0	0	85	0	0	0	0	0	
18.06	42.7	628	15	0	0	98	0	0	3	14	0	0	0	0	0	0	0	0	0	1	0	0	0	
18.16	42.8	1923	7	0	0	3	1	0	21	27	0	0	0	0	0	0	0	2	0	0	0	0	0	
18.18	42.8	7571	32	1	0	8	0	1	18	21	0	0	0	0	1	0	0	1	2	1	0	0	5	
18.2	42.45	1548	18	1	7	3	5	0	6	10	0	0	0	0	0	0	1	1	0	2	0	0	1	
18.2	42.5	12768	611	3	3	24	19	19	46	23	1	0	0	0	0	4	6	7	2	11	2	7	24	
18.2	42.8	3555	22	0	1	6	0	0	10	9	0	0	0	0	3	0	1	0	0	1	0	0	1	
18.22	42.45	5477	520	4	7	14	18	4	20	42	0	0	0	0	4	5	4	4	0	6	1	1	43	
18.22	42.5	6642	88	1	5	6	1	2	19	5	0	0	0	0	5	0	3	5	0	4	0	1	6	
18.22	42.55	8151	43	0	0	13	1	2	40	15	0	0	1	0	0	1	1	1	0	5	0	4	1	
18.22	42.6	1343	46	2	0	0	0	0	56	2	0	0	0	0	1	0	4	1	0	0	0	0	4	
18.22	42.75	2514	162	2	0	4	7	1	3	5	0	0	0	0	1	0	1	3	1	1	0	3	6	
18.24	42.55	695	48	0	2	1	1	0	3	0	0	0	0	0	0	0	0	0	0	1	0	0	0	
18.24	42.75	7835	157	0	1	11	3	1	14	12	0	0	0	0	1	0	6	2	0	4	0	0	7	
18.26	42.6	2143	109	4	0	3	3	0	5	8	0	0	0	0	0	0	0	2	2	0	0	1	2	
18.26	42.65	482	3	0	0	1	0	0	13	42	0	0	0	0	0	0	2	0	0	0	0	1	1	
18.28	42.7	9137	84	3	3	14	8	2	26	22	0	0	0	0	5	2	2	17	2	0	1	1	7	
18.28	42.75	6663	26	1	0	8	6	2	9	22	0	0	0	0	4	0	2	3	4	0	0	60	3	
18.3	42.65	4889	38	7	0	3	0	0	11	10	1	0	0	0	2	1	4	1	0	1	0	0	7	
18.3	42.7	9017	317	4	2	19	9	2	27	17	0	0	0	0	4	1	5	1	0	6	2	7	20	
18.32	42.7	5519	16	0	5	5	2	0	22	14	0	0	0	0	0	0	0	1	0	2	0	0	4	
18.36	42.5	2810	509	7	0	54	0	0	1	5	0	0	0	0	20	0	0	5	0	1	0	0	44	
18.52	43.35	118	81	0	0	1	2	0	2	0	0	0	0	0	0	2	1	0	0	1	0	1	1	
19.98	42.35	1742	0	1	0	0	0	0	1	162	0	0	0	0	0	0	0	0	0	0	0	0	2	
20.0	41.45	3022	33	1	1	11	5	0	8	3	1	0	0	0	3	0	0	1	0	1	0	0	5	
20.0	42.6	6031	38	4	1	9	0	0	23	19	0	0	0	0	0	2	2	2	0	4	1	0	5	
20.1	41.25	594	67	2	1	1	1	0	2	0	0	0	0	0	0	0	5	0	0	0	0	3	1	
20.14	40.25	4040	40	2	2	4	0	0	13	5	0	0	0	0	2	0	0	1	0	0	0	0	9	
20.46	44.75	3411	36	0	0	0	1	0	8	8	0	0	0	0	0	0	0	0	0	1	0	0	3	
21.14	42.65	272	0	0	0	0	0	0	21	59	0	0	0	0	0	0	0	0	0	0	0	0	0	
21.22	40.4	6261	73	2	2	11	2	10	22	8	8	0	0	0	0	0	0	1	2	1	0	5	5	
21.240000000000002	40.35	5835	19	0	0	5	0	1	51	6	0	0	0	0	1	0	0	1	2	3	0	0	1	
21.240000000000002	40.4	24014	205	10	5	22	8	4	85	41	3	0	0	0	5	3	6	7	5	7	0	1	24	
21.26	40.35	6609	106	1	1	9	6	0	19	15	8	0	0	0	1	0	0	0	2	5	0	0	17	
21.26	40.4	45445	507	27	13	67	23	10	117	97	55	0	0	0	7	3	8	13	15	13	0	2	37	
21.28	40.35	4451	143	9	6	52	11	3	22	11	1	0	0	0	1	6	2	2	2	8	2	5	11	
21.28	40.4	26112	558	7	82	80	26	7	60	40	2	0	0	0	6	3	4	47	10	10	1	9	42	
21.3	39.2	1346	64	1	6	10	5	1	8	2	9	0	0	0	1	0	11	3	0	8	4	4	20	
21.3	40.4	3158	30	0	0	2	0	1	8	3	0	0	0	0	0	0	3	0	1	2	1	1	0	
21.32	39.9	504	52	0	0	6	0	9	4	21	0	0	0	0	0	0	1	1	0	1	0	1	3	
21.32	40.4	5426	76	4	0	9	2	0	31	11	0	0	0	0	4	0	4	1	0	1	0	3	10	
21.34	39.15	314	71	0	0	0	1	1	2	0	0	0	0	0	0	0	0	0	0	1	0	0	3	
21.34	39.75	5174	72	2	1	15	3	2	39	5	2	0	0	0	2	1	1	1	3	5	1	0	10	
21.34	39.8	2429	48	1	0	5	3	0	11	3	0	0	0	0	0	0	3	2	0	0	1	0	21	
21.34	39.85	4024	184	7	3	16	30	1	39	8	0	0	0	0	1	2	0	0	1	7	1	0	19	
21.34	39.9	4538	148	8	14	95	10	2	32	8	0	0	0	0	4	14	6	8	0	16	5	6	39	
21.34	39.95	28	37	0	14	96	2	0	2	1	0	0	0	0	0	0	0	2	0	0	0	1	2	
21.34	40.25	861	56	0	1	11	9	2	2	5	0	0	0	0	0	1	0	1	0	1	0	0	3	
21.34	40.4	10354	54	3	0	20	2	0	45	12	0	0	0	0	1	1	1	1	0	2	0	3	9	
21.36	39.5	80	42	0	0	6	1	0	0	3	0	0	0	0	0	0	0	0	0	0	0	0	0	
21.36	39.65	153	43	0	1	19	2	0	1	3	0	0	0	0	0	0	0	0	0	0	0	0	2	
21.36	39.75	9282	1004	19	21	65	45	20	66	19	39	0	0	0	10	4	1	12	54	10	1	4	109	
21.36	39.8	8128	218	2	5	30	21	0	24	14	0	0	0	0	2	6	5	8	1	6	1	2	22	
21.36	39.85	1582	104	4	3	38	18	4	12	10	0	0	0	0	0	0	1	0	0	1	1	1	6	
21.36	40.25	623	42	7	2	28	11	3	12	8	0	0	0	0	0	0	0	3	0	1	0	3	3	
21.38	39.25	5447	50	0	0	3	0	0	17	4	0	0	0	0	2	0	1	2	0	1	0	0	9	
21.38	39.4	4066	53	0	0	5	1	1	4	6	1	0	0	0	0	0	0	2	0	2	2	1	3	
21.38	39.7	594	32	0	3	15	0	0	7	1	0	0	0	0	0	0	0	0	0	0	0	1	6	
21.38	39.75	8283	454	6	14	70	19	1	29	14	5	0	0	0	6	7	8	5	0	7	2	1	22	
21.38	39.8	10438	400	5	36	76	16	5	38	13	1	0	0	0	2	5	6	3	2	8	1	1	36	
21.38	39.85	11137	415	3	61	96	31	3	74	41	0	0	0	0	4	3	6	6	1	3	3	4	24	
21.4	39.2	761	42	0	0	16	26	1	5	6	0	0	2	0	0	0	0	2	0	2	1	0	6	
21.4	39.25	8591	156	6	2	11	3	1	36	11	0	0	0	0	1	0	1	1	6	1	1	0	7	
21.4	39.3	2474	52	0	2	3	1	1	4	9	0	0	0	0	0	1	1	1	0	0	0	0	3	
21.4	39.4	2372	20	1	2	13	1	0	8	7	0	0	0	0	0	0	0	1	0	2	1	0	1	
21.4	39.7	1381	108	1	5	35	12	1	23	3	0	0	0	0	4	0	3	0	0	1	0	0	6	
21.4	39.75	8575	490	8	13	67	17	15	53	18	6	0	0	0	3	1	2	6	4	18	1	4	33	
21.4	39.8	22008	1511	34	742	2502	152	22	144	164	1	0	1	0	21	16	53	69	2	40	23	26	144	
21.4	39.85	7111	284	7	110	77	25	2	47	18	2	0	0	0	3	7	5	4	9	8	1	5	23	
21.42	39.2	1298	36	16	0	44	2	0	6	6	0	1	0	0	2	0	1	2	0	0	0	0	7	
21.42	39.25	12295	284	2	2	23	27	5	43	24	0	0	0	0	7	1	8	4	3	4	2	14	23	
21.42	39.3	8643	157	26	2	85	7	0	22	18	0	0	0	0	1	3	2	1	1	1	0	3	15	
21.42	39.35	2068	88	3	2	21	13	3	21	3	0	0	0	0	0	0	0	11	0	1	0	1	4	
21.42	39.75	10584	429	11	33	148	20	6	72	32	0	0	0	0	8	6	9	87	1	20	0	18	45	
21.42	39.8	31244	1428	18	520	2333	137	12	145	336	36	0	0	0	28	25	21	32	8	41	17	18	277	
21.42	39.85	4647	98	5	167	101	5	0	23	21	0	0	0	0	1	1	3	1	0	2	0	1	15	
21.42	40.45	12690	406	50	3	10	6	7	69	25	0	0	0	0	4	3	3	10	2	10	1	3	21	
21.44	39.15	5844	79	3	2	13	1	0	16	10	0	0	0	0	2	0	3	0	0	4	0	0	2	
21.44	39.2	14201	360	34	15	44	30	5	64	29	9	0	3	0	13	2	6	15	5	16	1	2	23	
21.44	39.25	17043	261	4	22	39	11	2	54	29	12	0	0	0	5	2	4	52	0	4	0	5	22	
21.44	39.3	16309	146	6	0	19	16	4	42	24	2	0	0	0	43	0	10	4	6	4	1	2	11	
21.44	39.5	4340	38	2	1	13	1	0	4	8	1	0	0	0	1	1	0	1	1	0	0	0	2	
21.44	39.75	5055	136	1	4	15	10	2	14	8	1	0	0	0	2	1	3	0	1	5	0	1	3	
21.44	39.8	29635	481	19	39	135	25	4	91	62	10	0	0	0	4	11	8	13	16	16	5	13	74	
21.44	39.85	12893	89	2	34	114	15	1	45	8	1	0	0	0	3	1	3	2	1	3	0	2	5	
21.44	39.95	3412	968	9	6	31	77	6	12	10	9	0	0	0	2	7	7	3	2	26	1	1	76	
21.44	40.45	6088	35	0	0	3	1	0	19	12	0	1	0	0	0	0	2	1	5	0	1	1	7	
21.44	40.5	7037	77	0	1	13	0	0	14	11	0	0	0	0	1	3	3	2	1	4	0	3	8	
21.46	39.15	10374	754	35	18	176	44	27	44	13	1	0	0	0	17	7	17	24	0	19	2	8	60	
21.46	39.2	34638	2092	38	44	175	180	15	143	65	15	3	0	0	34	22	48	22	7	60	30	21	105	
21.46	39.25	39414	413	14	246	57	18	12	105	53	8	0	0	0	4	1	16	75	18	16	0	5	40	
21.46	39.35	6086	107	0	0	8	3	0	35	5	1	0	0	0	3	0	1	0	0	0	0	2	2	
21.46	39.75	5638	92	3	7	6	3	1	17	14	15	0	0	0	1	0	1	0	5	3	0	3	17	
21.46	39.8	6580	462	23	11	98	2	27	20	16	1	0	0	0	2	8	4	31	4	9	0	2	45	
21.46	39.85	4150	24	11	4	6	1	0	9	17	0	0	0	0	0	0	0	1	2	0	1	0	2	
21.46	39.9	14566	176	4	38	49	14	5	95	17	0	0	0	0	2	4	8	1	1	7	2	2	22	
21.46	39.95	9109	83	0	1	105	6	0	19	30	2	0	0	0	3	1	3	0	0	18	0	3	21	
21.46	40.45	5422	45	0	0	3	0	2	15	12	0	0	0	0	1	1	0	1	3	0	0	1	1	
21.48	39.15	18712	1233	24	119	453	82	5	177	79	1	0	0	0	16	13	8	42	3	27	7	6	139	
21.48	39.2	22960	2001	31	29	437	95	17	176	93	4	0	1	0	13	10	27	38	10	20	12	16	79	
21.48	39.25	19602	469	4	19	129	21	5	66	37	1	0	0	0	4	7	7	6	4	8	2	10	24	
21.48	39.3	3344	19	1	1	1	7	0	13	10	0	0	0	0	0	0	5	0	0	0	0	0	2	
21.48	39.75	5564	83	0	6	10	5	1	8	19	2	0	0	0	2	3	1	0	0	1	0	1	12	
21.48	39.9	4324	30	1	0	2	0	0	14	13	0	0	0	0	1	1	2	0	0	0	1	0	3	
21.48	39.95	7253	40	0	0	137	1	1	17	14	0	0	0	0	2	0	0	0	0	2	0	2	10	
21.5	39.15	33156	4574	41	94	925	259	47	352	158	2	0	0	0	17	37	51	64	0	48	9	33	201	
21.5	39.2	16264	788	6	16	144	40	10	177	73	2	0	0	0	11	6	8	15	9	11	1	10	61	
21.5	39.25	14860	413	5	6	39	6	8	56	18	1	0	0	0	4	4	12	7	9	5	2	1	26	
21.5	39.75	2341	32	0	2	12	1	2	2	3	0	0	0	0	1	1	2	0	0	0	0	0	1	
21.52	39.15	19968	3550	51	83	554	2558	68	288	62	3	1	0	0	46	48	44	69	4	93	19	42	375	
21.52	39.2	20140	928	9	12	116	74	10	106	47	3	2	0	0	13	12	12	80	3	12	4	6	86	
21.52	39.25	2243	58	0	1	6	1	1	7	2	17	0	0	0	1	1	0	1	1	0	0	0	5	
21.52	39.75	5188	24	1	1	7	0	1	14	13	0	0	0	0	0	0	1	0	0	2	0	0	5	
21.54	39.1	7614	2744	19	25	533	268	36	387	92	0	0	0	0	30	10	27	70	0	33	5	12	118	
21.54	39.15	19442	6127	76	208	996	1985	40	853	113	208	0	0	0	47	40	50	97	8	79	28	35	423	
21.54	39.2	16310	2061	34	30	334	458	31	105	68	7	0	0	0	17	45	44	27	4	46	5	30	239	
21.54	39.75	4993	69	1	1	8	2	1	18	9	0	0	0	0	1	3	3	0	2	0	1	1	3	
21.56	39.1	7160	3054	30	80	345	142	48	379	102	0	0	0	0	22	31	57	38	1	45	8	13	160	
21.56	39.15	22125	6491	103	1013	724	1214	113	286	73	0	2	0	0	63	109	106	114	1	143	20	55	417	
21.56	39.2	30302	1863	50	39	216	157	20	125	69	26	0	0	0	43	25	36	25	4	55	9	27	167	
21.56	39.75	4546	37	4	0	26	7	1	13	4	3	0	0	0	1	0	1	1	3	1	1	1	8	
21.58	39.1	13224	3475	36	91	402	181	36	270	80	2	0	0	0	26	67	82	62	1	63	14	21	235	
21.58	39.15	28096	2911	53	265	527	194	31	224	76	0	0	0	0	43	59	75	39	1	85	22	48	187	
21.58	39.2	35318	1160	41	107	173	139	14	323	85	1	0	0	0	27	28	24	14	6	32	11	20	103	
21.58	39.25	8898	187	4	1	17	15	1	35	22	2	0	0	0	0	1	10	5	0	7	0	1	15	
21.6	39.1	17411	2563	36	175	408	168	263	224	61	2	0	0	0	39	46	50	41	4	73	9	20	191	
21.6	39.15	33390	2231	34	254	412	131	15	172	88	1	0	0	0	13	78	33	28	8	54	10	32	140	
21.6	39.2	18170	1145	40	139	160	48	13	112	138	7	0	0	0	14	32	17	21	1	43	11	12	75	
21.6	39.25	3417	41	0	1	24	0	0	14	12	0	0	0	0	0	0	0	0	0	1	0	3	3	
21.62	39.1	7710	2840	34	50	301	150	50	175	40	0	0	0	0	32	49	44	36	0	45	10	19	185	
21.62	39.15	20373	912	46	2069	255	382	18	126	50	0	0	0	0	33	30	64	30	5	32	13	13	188	
21.62	39.2	8545	222	9	47	18	8	2	41	8	2	0	0	0	7	3	1	5	6	7	2	2	17	
21.64	39.1	8423	1957	39	121	408	152	14	147	50	0	0	0	0	22	59	38	26	3	67	9	12	172	
21.64	39.2	6733	46	1	16	7	2	2	49	16	1	1	0	0	0	1	0	5	0	2	0	1	3	
21.66	39.1	5702	1222	20	36	201	53	14	107	38	0	0	0	0	14	25	13	13	0	29	1	8	83	
21.66	39.15	1628	334	0	30	133	59	3	203	1009	0	0	0	0	4	2	0	13	1	3	1	2	10	
21.68	39.05	185	21	0	0	78	14	0	1	1	0	0	0	0	0	2	4	0	0	2	0	1	3	
21.68	39.1	6540	1597	33	64	568	88	10	80	27	1	0	0	0	8	35	25	35	1	44	8	14	105	
21.68	39.2	984	35	0	1	6	2	1	3	2	0	0	0	0	1	0	1	0	0	0	0	0	2	
21.7	39.05	905	51	1	0	2	0	0	27	1	0	0	0	0	0	0	0	3	0	3	0	0	5	
21.7	39.1	2492	1171	29	22	204	26	7	51	20	0	0	0	0	6	9	26	9	1	14	3	10	48	
21.7	39.2	499	41	1	1	1	3	1	4	1	0	0	0	0	0	0	3	0	0	0	0	3	3	
21.72	39.05	374	81	1	3	13	2	0	0	2	0	0	0	0	0	0	0	3	0	3	0	1	5	
21.72	39.1	1129	327	4	3	49	10	0	92	20	0	0	0	1	1	7	3	6	0	1	0	8	16	
21.72	39.15	958	36	1	0	6	1	0	5	4	0	0	0	0	0	0	0	0	0	1	1	0	9	
21.72	39.2	914	51	0	3	33	2	0	0	1	0	0	0	0	0	0	4	2	0	0	0	1	5	
21.740000000000002	39.05	939	92	0	0	8	11	1	3	2	0	0	0	0	0	1	1	0	0	1	0	0	2	
21.740000000000002	39.1	3302	1081	17	25	124	35	15	75	20	33	0	0	0	15	20	14	26	1	23	2	12	126	
21.740000000000002	39.15	3766	124	3	5	27	2	1	24	11	1	0	0	0	2	1	1	5	0	1	3	2	4	
21.76	39.05	357	62	0	0	9	2	2	4	0	0	0	0	0	0	0	2	3	0	0	0	0	4	
21.76	39.1	2471	383	2	15	48	19	0	35	8	0	0	0	0	2	6	4	10	0	12	2	5	26	
21.76	39.15	3426	220	12	1	47	8	6	15	7	2	0	0	0	4	3	5	2	2	6	1	0	21	
21.76	39.2	6011	69	8	1	20	4	4	65	10	0	0	0	0	6	2	1	2	0	3	1	3	7	
21.78	39.05	535	32	1	4	4	10	1	1	1	0	0	0	0	1	0	1	2	0	1	2	0	12	
21.78	39.1	2660	135	4	7	59	22	0	26	10	0	0	0	0	1	1	0	14	0	8	1	0	7	
21.78	39.15	1072	81	1	2	6	0	0	5	5	0	0	0	0	0	2	0	0	0	0	0	0	4	
21.8	39.1	2592	518	10	24	49	17	11	17	3	0	0	0	0	5	18	16	6	0	15	0	5	49	
21.84	39.05	109	64	2	0	1	0	0	2	1	0	0	0	0	9	0	0	1	0	0	0	0	1	
21.92	38.9	48	53	1	0	9	8	0	0	1	0	0	0	0	0	8	1	2	0	3	0	0	9	
21.92	38.95	424	33	0	1	9	186	1	2	35	0	0	0	0	1	1	1	1	0	3	0	1	4	
21.92	39.1	651	21	1	1	24	37	0	12	15	0	0	0	0	0	0	0	0	0	0	0	0	2	
21.94	38.95	249	51	1	1	9	38	1	7	28	0	0	0	0	0	2	1	2	0	2	0	1	1	
22.240000000000002	39.1	413	777	3	7	3	4	2	6	0	1	0	0	0	2	12	6	0	0	2	1	2	21	
22.240000000000002	39.75	1611	41	3	0	6	0	0	1	6	0	0	0	0	0	0	0	0	0	1	0	0	1	
22.28	46.7	4362	35	0	1	12	1	0	13	8	0	0	0	0	1	0	1	1	1	0	0	1	2	
22.3	39.05	59	60	2	1	5	3	0	0	1	0	0	0	0	0	0	1	4	0	1	0	0	2	
22.3	39.1	113	163	1	0	6	13	1	2	3	0	0	0	0	1	1	1	12	0	1	0	1	25	
22.32	39.1	118	106	0	0	15	14	1	1	1	0	0	0	0	1	2	4	2	0	5	0	1	7	
22.34	39.3	1049	21	3	0	2	0	2	5	1	0	0	0	0	1	0	0	5	0	7	0	0	7	
22.42	41.75	948	78	0	0	2	1	0	3	1	0	0	0	0	2	1	2	37	0	0	0	43	0	
22.5	52.3	0	4	0	0	54	4	0	0	0	0	0	0	0	0	0	0	0	0	0	0	0	2	
22.78	39.0	2517	42	4	1	4	1	0	19	2	0	0	0	0	1	1	1	1	0	1	0	0	4	
23.48	46.85	5639	31	0	1	16	0	0	6	5	0	0	0	0	1	1	1	0	104	0	0	0	1	
23.560000000000002	45.4	278	71	0	0	0	0	0	0	0	0	0	0	0	0	0	0	0	0	0	0	0	0	
23.64	53.7	521	45	1	0	2	5	1	2	0	0	0	1	0	0	1	2	4	0	1	0	1	1	
23.66	53.650000000000006	38	24	0	1	10	8	1	0	0	0	0	0	0	0	4	4	0	0	2	0	2	4	
23.759999999999998	44.75	1024	47	0	0	2	2	0	4	0	0	0	0	0	0	0	2	1	0	1	1	0	4	
23.82	52.8	2114	103	2	13	6	0	3	7	1	0	0	0	0	0	0	0	8	0	1	2	3	12	
23.88	42.9	6654	46	2	0	2	1	4	22	4	2	0	0	0	0	0	2	2	3	0	0	2	15	
23.9	42.9	8910	21	2	0	4	1	0	12	20	10	0	0	0	4	0	1	1	1	4	0	1	4	
23.9	53.7	0	51	0	0	0	1	0	0	0	0	0	0	0	0	0	0	0	0	0	0	0	0	
23.96	38.25	236	43	0	0	0	2	0	9	0	0	0	0	0	1	0	1	1	0	0	0	0	3	
23.98	38.15	941	135	0	8	0	0	2	8	2	1	0	0	0	0	0	0	0	0	3	0	1	6	
23.98	38.2	1514	113	1	2	16	40	2	12	8	0	0	0	0	3	1	2	0	0	2	0	1	4	
23.98	47.1	3900	37	1	0	5	5	0	17	13	0	0	0	0	3	0	1	0	0	1	0	0	3	
24.0	38.15	3318	135	2	4	32	15	2	37	12	1	0	0	0	4	0	1	3	0	4	1	4	15	
24.0	38.2	3089	488	13	5	15	28	5	18	10	0	0	0	0	3	0	4	3	1	5	0	1	19	
24.0	54.0	0	48	0	0	0	0	2	0	0	0	0	0	0	1	0	0	1	0	0	0	0	0	
24.02	38.15	415	31	3	0	7	14	0	7	4	0	0	0	0	0	0	0	0	0	0	0	0	5	
24.02	38.2	1307	85	6	8	7	6	2	10	4	0	0	0	0	0	1	2	5	0	2	0	0	8	
24.060000000000002	38.1	1290	34	0	0	7	10	0	3	3	0	17	0	0	1	1	5	0	0	0	0	0	3	
24.060000000000002	45.25	1377	53	0	0	1	1	0	3	8	0	0	0	0	0	0	1	0	0	0	0	0	0	
24.060000000000002	52.650000000000006	335	432	7	2	76	14	3	2	2	6	0	0	0	3	3	4	1	3	4	1	1	20	
24.08	38.0	3730	67	1	0	9	21	0	20	6	0	0	0	0	1	1	11	1	0	2	0	0	7	
24.08	38.05	12001	208	4	8	31	42	4	42	17	0	0	0	0	2	3	4	1	1	2	3	4	16	
24.08	52.6	560	43	2	1	26	2	1	2	0	0	0	0	0	0	0	0	0	0	0	0	0	2	
24.08	52.650000000000006	127	59	1	0	3	8	0	1	0	0	0	0	0	0	0	0	0	0	1	0	1	2	
24.1	38.05	9725	58	4	0	9	1	2	20	21	0	0	0	0	3	0	5	2	1	1	2	0	6	
24.1	47.25	5675	31	2	2	6	2	0	14	8	0	0	0	0	0	1	1	0	1	0	1	1	2	
24.1	53.45	36	11	74	0	0	1	0	1	2	0	0	0	0	1	0	1	0	2	0	0	0	2	
24.12	47.25	8542	118	5	4	18	27	1	36	18	0	0	0	0	2	1	1	2	0	4	2	1	8	
24.14	47.25	2822	35	0	0	4	1	1	17	5	0	0	0	0	0	0	1	0	0	8	0	0	4	
24.14	47.3	20388	401	6	3	55	21	5	77	39	69	0	0	0	3	8	7	12	6	11	1	3	62	
24.14	47.35	9745	28	0	0	12	1	0	34	11	2	0	0	0	1	1	2	3	10	0	0	0	2	
24.16	47.3	7539	194	11	103	24	14	9	30	12	0	0	0	0	3	8	1	19	1	13	3	7	16	
24.18	47.25	2841	19	0	0	2	0	0	9	4	0	0	0	0	0	1	1	4	1	0	0	1	9	
24.28	48.95	0	61	0	0	0	1	0	0	0	0	0	0	0	0	0	0	0	0	0	0	0	0	
24.4	39.5	2610	33	0	11	52	5	0	3	8	0	0	0	0	1	0	2	1	0	0	0	1	4	
24.4	39.55	3618	77	4	6	10	3	1	9	5	0	0	0	0	3	0	0	1	4	3	0	0	5	
24.4	39.6	1501	18	0	0	26	0	0	18	3	0	0	0	0	0	0	0	0	0	0	0	1	0	
24.42	39.5	5592	23	1	0	7	1	0	17	6	1	0	0	0	1	1	0	0	0	0	0	1	7	
24.42	39.55	7403	183	7	14	39	15	5	21	13	0	0	0	0	0	4	4	5	1	12	1	11	43	
24.42	39.6	4832	379	16	21	152	25	3	37	20	1	0	0	0	6	10	5	8	1	17	1	13	46	
24.42	39.65	2393	123	2	1	49	5	4	10	0	0	0	0	0	0	3	1	0	0	2	0	0	5	
24.42	47.0	218	82	0	0	12	1	1	0	20	0	0	0	0	0	3	0	1	0	0	0	1	6	
24.44	39.5	10285	65	2	0	7	4	1	30	14	6	0	0	0	3	0	10	2	5	5	0	0	14	
24.44	39.55	8294	72	1	12	30	6	1	31	22	0	0	0	2	0	1	3	3	4	5	0	1	6	
24.44	39.6	24946	533	10	155	139	50	5	75	48	3	0	0	0	8	7	19	11	3	15	7	5	52	
24.44	39.65	10104	371	12	9	39	20	4	57	24	0	0	0	0	5	9	8	6	4	10	2	5	41	
24.46	39.5	4726	96	5	0	98	0	0	17	10	0	0	0	0	1	0	1	0	1	0	0	0	10	
24.46	39.55	16893	336	11	13	301	36	4	68	50	12	0	0	0	0	5	3	7	2	4	1	4	60	
24.46	39.6	28322	2097	33	1042	3402	359	39	205	448	8	1	0	0	18	36	52	43	16	57	14	21	227	
24.46	39.65	3864	258	5	64	11	12	2	13	9	0	0	0	0	3	0	0	1	0	4	0	2	10	
24.46	39.7	500	32	2	4	0	0	0	2	1	0	0	0	0	2	0	1	1	0	4	0	0	13	
24.46	46.25	6235	100	16	7	44	4	2	17	13	1	0	0	0	3	9	4	10	1	11	6	1	46	
24.46	46.55	760	543	1	0	1	1	0	5	0	0	0	0	0	0	0	0	0	0	0	0	1	6	
24.46	52.3	1092	68	3	1	6	4	5	10	0	0	0	0	0	0	3	3	1	0	5	0	2	5	
24.48	39.55	12702	884	22	28	215	39	11	114	40	2	0	0	0	8	6	11	13	0	21	5	6	88	
24.48	39.6	20906	530	7	15	182	60	5	111	40	9	0	0	0	10	5	11	17	0	13	1	2	69	
24.48	39.65	4684	59	1	5	4	6	4	26	12	0	0	0	0	2	1	2	3	2	3	0	0	14	
24.48	44.35	2041	24	1	0	0	2	0	10	2	7	0	0	0	0	0	1	0	0	2	0	0	2	
24.48	46.25	1442	57	4	7	33	6	2	5	0	0	0	0	0	2	11	4	2	0	9	10	2	17	
24.48	46.6	6659	37	3	1	14	0	0	16	21	0	0	0	0	1	0	3	0	0	0	1	0	3	
24.5	39.55	6973	235	11	3	27	6	0	12	15	0	0	0	0	18	4	2	4	0	4	0	0	24	
24.5	39.6	3580	56	0	10	59	2	0	10	5	0	0	0	0	8	1	6	4	0	1	0	11	4	
24.5	39.7	986	21	1	0	4	0	0	18	21	0	0	0	0	0	0	1	1	0	0	0	1	5	
24.5	44.35	5968	65	1	5	11	6	2	32	8	0	0	0	0	2	5	0	2	1	6	1	3	7	
24.5	46.6	5099	26	2	0	9	1	0	8	4	0	0	0	0	0	0	0	0	0	3	2	2	3	
24.52	39.55	3949	63	0	1	34	5	1	17	9	1	0	0	0	1	0	3	1	1	1	2	0	6	
24.52	39.6	1469	29	1	2	20	7	0	7	4	0	0	0	0	0	1	0	0	0	1	1	0	2	
24.52	39.65	5525	48	1	0	9	8	0	14	12	0	0	0	0	0	3	0	3	4	0	0	1	9	
24.52	44.4	9192	45	2	1	4	0	2	19	13	0	0	0	0	0	0	1	0	2	5	0	0	5	
24.52	46.6	3681	108	0	2	8	1	1	11	1	0	0	0	0	2	2	2	2	0	4	3	1	5	
24.52	46.65	8396	134	0	8	33	8	2	36	17	2	0	0	0	1	1	2	3	3	2	0	1	12	
24.52	46.7	3391	104	4	77	27	11	3	28	10	0	0	0	0	2	3	2	2	0	2	0	1	8	
24.54	39.65	5391	172	3	38	62	25	4	83	46	1	0	0	0	5	1	1	3	5	0	0	0	10	
24.54	39.7	1750	28	0	14	4	1	0	4	5	0	0	0	0	0	0	0	0	0	0	0	1	3	
24.54	46.6	1666	34	0	3	6	3	0	13	2	1	0	0	0	1	0	0	0	0	0	0	0	1	
24.54	46.65	17551	189	9	13	69	36	8	122	52	2	0	0	0	11	8	6	5	2	10	4	3	43	
24.54	46.7	11991	137	14	70	20	12	4	49	26	0	0	0	0	1	3	7	2	0	1	1	0	10	
24.54	46.75	8482	59	1	2	11	4	0	21	6	0	0	0	0	0	0	1	0	0	4	0	1	8	
24.54	46.85	974	118	1	1	12	10	0	2	4	0	6	0	0	0	1	3	0	0	0	0	0	9	
24.54	46.9	313	38	0	2	6	9	0	3	0	0	0	0	6	0	0	0	1	0	1	0	0	4	
24.560000000000002	39.55	255	43	0	0	0	0	0	0	0	0	0	0	0	7	0	1	0	1	1	0	0	8	
24.560000000000002	46.5	10489	66	12	4	44	25	1	41	30	0	0	0	0	4	2	5	3	0	4	0	0	18	
24.560000000000002	46.55	14748	255	3	7	43	9	2	46	39	0	0	0	1	3	0	7	8	1	3	0	2	15	
24.560000000000002	46.6	24161	819	9	18	61	40	18	144	35	16	0	0	0	14	28	19	27	2	22	4	8	68	
24.560000000000002	46.65	22570	453	14	68	70	100	6	137	37	0	0	0	0	18	9	17	10	1	20	1	10	47	
24.560000000000002	46.7	6579	78	3	2	11	3	2	23	10	1	0	0	0	0	1	0	6	0	3	1	1	13	
24.560000000000002	46.75	25521	325	10	9	31	11	5	116	41	0	0	0	0	4	6	11	20	3	5	1	3	40	
24.560000000000002	46.8	12417	355	9	6	36	17	8	35	16	4	0	0	0	16	3	3	3	13	10	0	1	25	
24.560000000000002	46.85	4547	131	3	0	17	10	3	46	9	6	0	0	0	0	2	4	4	0	2	0	0	7	
24.58	46.5	8452	29	3	0	15	6	1	16	10	0	0	0	0	0	1	2	2	0	2	1	0	3	
24.58	46.55	27834	434	21	7	62	18	3	69	51	11	0	0	1	9	4	12	12	6	15	7	2	42	
24.58	46.6	36749	755	30	20	57	30	16	157	47	20	0	0	0	12	14	12	19	4	20	7	8	82	
24.58	46.65	31456	911	14	30	83	41	10	171	39	29	0	0	0	8	24	31	13	7	25	2	10	64	
24.58	46.7	8367	130	3	9	14	11	1	35	20	0	1	0	0	2	0	4	4	1	3	3	1	14	
24.58	46.75	18877	144	7	8	26	10	6	39	29	1	0	0	0	0	1	10	4	2	2	1	1	11	
24.6	46.1	2331	33	0	0	1	0	0	2	4	0	0	0	0	1	0	1	4	1	1	0	0	3	
24.6	46.55	4488	71	0	2	7	20	0	10	6	7	0	0	0	0	0	2	1	5	0	0	2	39	
24.6	46.6	18582	322	10	20	25	11	4	64	25	1	0	0	0	4	2	11	2	1	12	4	5	22	
24.6	46.65	13897	367	10	338	56	21	4	63	24	0	0	0	0	4	8	8	7	2	6	1	4	33	
24.6	46.7	23245	1262	22	37	91	33	1	89	62	3	0	0	0	14	6	12	30	9	11	2	5	49	
24.6	46.75	6019	138	1	6	12	253	1	23	8	0	0	0	0	2	4	37	2	0	6	0	1	10	
24.62	46.5	7120	55	1	0	14	9	2	20	5	0	0	0	0	0	5	0	0	1	4	0	0	3	
24.62	46.55	10456	114	5	2	19	6	4	25	22	0	0	0	0	2	1	0	2	1	4	0	3	9	
24.62	46.6	3045	44	2	1	14	6	1	10	4	0	0	0	0	0	3	0	0	1	2	0	0	1	
24.62	46.65	10782	425	14	162	71	58	9	170	28	1	0	0	0	8	22	25	15	2	10	6	7	63	
24.62	46.7	19137	812	16	77	139	107	20	68	37	0	0	2	0	3	34	31	10	4	29	4	14	91	
24.62	46.75	5708	71	3	34	26	7	0	16	8	0	0	0	0	0	3	4	0	0	3	0	1	5	
24.64	46.55	5725	65	1	0	62	11	0	13	9	0	0	0	0	2	1	2	0	0	0	1	0	10	
24.64	46.6	790	40	1	2	10	6	0	11	3	0	0	0	0	0	0	0	0	0	0	0	0	2	
24.64	46.65	9914	391	5	20	58	89	9	83	54	1	0	0	0	4	13	11	9	1	22	1	9	39	
24.64	46.7	11908	937	23	18	127	279	19	78	22	0	0	0	0	6	26	38	12	1	15	1	9	78	
24.64	46.75	6899	832	8	7	37	103	13	64	12	0	0	1	0	16	1	24	3	0	43	4	9	46	
24.64	46.8	1376	309	3	0	7	19	4	10	7	0	0	0	0	2	2	3	2	0	10	0	1	14	
24.66	46.6	1792	495	5	85	117	77	4	50	11	0	0	0	0	3	4	69	8	0	9	0	5	22	
24.66	46.65	11922	1596	31	29	174	415	16	197	32	0	0	1	0	35	23	75	38	1	12	5	32	113	
24.66	46.7	18150	2254	25	140	295	454	34	148	82	10	0	0	0	8	72	98	39	3	59	17	16	207	
24.66	46.75	13632	626	21	32	111	58	10	82	49	1	0	0	0	24	53	23	12	0	42	7	15	97	
24.66	46.8	9158	298	9	9	99	26	6	56	19	0	0	0	0	3	11	10	12	2	17	4	8	38	
24.66	46.85	15065	120	4	0	21	10	4	35	39	1	0	0	0	5	2	4	4	0	5	0	3	23	
24.68	46.55	2662	69	3	5	18	7	2	10	7	0	0	0	0	1	1	1	1	0	3	1	1	7	
24.68	46.6	9585	1012	23	68	404	169	29	125	35	4	0	1	0	8	8	27	17	2	16	2	2	48	
24.68	46.65	23463	4879	85	171	2341	1679	137	1201	326	5	0	0	0	159	123	339	106	18	253	22	91	520	
24.68	46.7	15959	1772	36	35	329	789	42	203	49	3	0	0	0	35	48	89	23	3	39	7	11	148	
24.68	46.75	28334	1345	62	39	166	273	29	235	40	88	0	0	0	27	34	52	40	22	36	7	7	139	
24.68	46.8	20731	517	7	25	89	74	11	85	25	10	0	0	6	7	16	17	10	4	11	5	10	50	
24.68	46.85	5664	72	2	1	12	5	4	13	8	0	0	0	0	2	7	3	5	2	2	2	3	22	
24.7	46.6	12337	696	17	17	163	89	6	205	141	2	0	0	0	9	6	52	17	1	10	7	3	49	
24.7	46.65	16930	4560	60	162	899	2126	58	1223	239	1	0	0	0	102	84	238	90	55	77	13	30	320	
24.7	46.7	5266	1234	17	20	210	272	79	166	25	0	0	0	0	18	19	28	9	3	10	8	4	108	
24.7	46.75	14259	844	18	139	143	75	15	122	37	2	0	0	0	5	18	42	9	2	21	5	13	82	
24.7	46.8	34740	499	8	20	103	25	13	144	55	4	0	0	0	6	25	27	15	13	25	5	7	76	
24.7	46.85	2049	47	0	0	7	5	1	14	3	2	0	0	0	1	0	0	1	0	7	0	3	2	
24.72	46.55	1668	265	7	8	23	18	2	20	6	0	0	0	0	5	3	5	3	0	3	0	2	11	
24.72	46.6	7964	928	23	6	193	61	13	167	59	3	0	0	0	13	6	35	12	1	18	7	3	54	
24.72	46.65	16078	2669	55	106	462	365	42	414	109	1	0	0	0	63	68	204	32	3	64	10	14	159	
24.72	46.7	4239	485	16	28	82	41	19	59	10	0	0	0	0	11	38	20	7	0	28	3	13	76	
24.72	46.75	23876	1328	31	47	214	162	18	261	57	0	0	1	0	15	50	161	67	1	51	10	31	153	
24.72	46.8	40065	458	18	5	80	88	3	108	42	1	2	0	0	5	7	11	12	3	12	5	3	38	
24.72	46.85	6877	57	2	0	8	2	1	20	10	0	0	0	0	3	1	3	0	1	2	0	2	4	
24.740000000000002	46.5	2721	118	3	1	15	13	1	27	13	0	0	0	0	2	2	0	3	2	2	0	2	7	
24.740000000000002	46.55	8232	235	5	8	62	22	3	60	12	0	0	0	0	0	12	4	2	0	7	1	6	24	
24.740000000000002	46.6	6160	870	13	39	229	127	10	163	24	0	0	0	0	10	41	67	21	0	25	11	26	102	
24.740000000000002	46.65	20991	2255	47	116	647	352	51	304	92	2	6	0	0	32	55	168	24	3	57	16	28	229	
24.740000000000002	46.7	12530	1015	32	104	338	159	39	150	33	1	0	0	0	17	83	66	32	0	53	20	26	158	
24.740000000000002	46.75	33068	2126	38	80	308	145	40	319	44	14	0	0	0	30	83	56	34	1	117	16	25	196	
24.740000000000002	46.8	33715	570	8	10	89	48	12	175	40	5	2	0	0	9	8	20	13	11	28	6	1	58	
24.740000000000002	46.85	7133	396	14	4	42	53	2	40	33	1	0	0	0	8	1	12	4	1	6	1	0	28	
24.759999999999998	46.55	1118	42	0	3	4	5	0	5	1	0	0	0	0	0	0	0	0	0	3	0	2	8	
24.759999999999998	46.6	10685	721	10	18	85	68	15	61	11	6	0	0	0	18	19	45	15	6	44	5	9	64	
24.759999999999998	46.65	20650	5301	45	96	277	302	34	233	77	0	0	0	0	32	72	70	42	3	92	14	35	199	
24.759999999999998	46.7	16935	1266	29	139	365	250	33	188	39	0	0	0	0	27	132	106	25	6	91	22	20	222	
24.759999999999998	46.75	33979	1940	40	111	280	515	46	296	80	8	0	0	1	27	103	66	34	13	85	12	20	194	
24.759999999999998	46.8	25932	867	12	53	58	45	7	92	53	1	0	0	0	8	14	45	10	4	19	3	2	38	
24.78	46.6	12177	648	17	28	202	79	12	119	32	21	0	0	0	21	41	38	12	1	32	10	8	82	
24.78	46.65	20467	1783	45	182	426	340	48	240	66	3	0	0	0	22	151	184	78	2	119	27	27	298	
24.78	46.7	15654	1252	32	61	435	304	20	230	52	10	0	1	0	28	58	77	31	0	69	9	9	154	
24.78	46.75	27574	990	23	41	163	45	65	166	26	3	0	0	0	9	35	40	21	3	51	9	11	76	
24.78	46.8	17672	300	8	1	22	15	3	197	92	6	0	0	0	7	3	4	35	1	4	2	11	31	
24.78	46.85	13841	129	11	3	14	7	3	64	31	1	0	0	0	5	0	3	4	2	3	0	4	13	
24.78	46.9	2959	63	1	1	33	16	0	9	7	0	2	0	1	1	2	8	3	1	7	0	1	17	
24.8	46.6	15543	744	23	43	156	74	14	136	22	5	0	0	1	9	41	34	15	3	24	3	5	84	
24.8	46.65	7933	339	12	39	106	96	16	90	33	0	0	0	0	1	14	36	7	0	16	8	1	61	
24.8	46.7	9805	958	16	72	243	67	13	126	30	0	0	0	0	16	70	43	20	2	58	12	18	139	
24.8	46.75	25154	672	11	14	76	36	10	122	35	1	0	2	0	3	16	11	10	3	14	1	8	52	
24.8	46.8	11619	296	6	2	24	10	1	43	11	9	0	0	0	2	6	9	2	0	5	0	2	12	
24.8	46.85	25629	231	4	27	23	10	3	66	46	10	0	0	0	1	1	0	6	7	3	1	4	20	
24.82	46.55	367	17	0	0	2	10	0	6	1	0	0	0	0	1	0	0	0	0	0	1	15	1	
24.82	46.6	5239	147	6	5	36	24	1	43	10	0	0	0	0	0	3	7	4	0	3	1	1	11	
24.82	46.65	2965	122	1	4	7	3	3	47	4	6	0	0	0	1	0	3	2	0	7	0	0	11	
24.82	46.7	3245	70	5	10	46	12	1	17	18	0	0	0	0	2	5	9	0	1	8	10	0	8	
24.82	46.75	12975	394	7	13	57	18	11	56	20	0	0	0	0	4	12	10	11	2	8	7	11	36	
24.82	46.8	6585	132	3	3	20	13	0	39	12	0	0	0	0	1	0	5	0	0	1	0	2	4	
24.82	46.85	2741	54	0	0	6	0	0	5	7	0	0	0	0	3	0	1	0	1	7	0	1	5	
24.84	46.6	2347	49	1	3	2	2	0	63	3	2	1	0	0	2	1	3	2	0	4	0	1	7	
24.84	46.7	1993	227	2	1	91	4	4	103	28	2	0	0	0	2	5	9	6	0	3	0	10	7	
24.84	46.75	1843	33	1	1	39	4	0	14	0	1	0	0	0	0	0	1	1	0	1	0	0	3	
24.84	46.8	1839	19	1	1	6	3	0	11	5	0	0	0	0	0	0	0	1	1	0	0	0	3	
24.86	46.55	1712	51	0	1	45	6	1	3	10	0	0	0	0	3	0	2	0	1	0	2	0	4	
24.86	46.7	446	50	1	0	8	1	1	5	8	0	0	0	0	0	0	1	0	0	0	0	0	4	
24.88	46.4	48	1	0	0	62	1	0	0	0	0	0	0	0	0	0	0	1	0	0	0	0	0	
24.88	46.7	62	43	0	0	2	2	0	3	0	0	0	0	0	0	0	0	0	0	1	0	0	5	
24.9	46.9	296	41	1	0	1	6	0	0	2	0	0	0	0	0	0	11	1	0	2	0	1	1	
24.92	46.35	2989	73	1	0	3	1	0	16	5	0	0	0	0	0	3	1	0	1	4	1	0	3	
24.92	46.7	202	59	0	0	20	6	0	5	10	0	0	0	0	0	0	0	1	0	0	0	1	1	
24.92	49.2	0	6	1	0	0	0	0	0	0	0	0	0	99	0	0	0	0	0	0	0	0	0	
24.94	46.6	706	22	1	2	40	5	1	2	5	0	0	0	0	1	4	0	0	0	3	0	0	4	
24.94	46.7	1604	115	4	1	34	47	1	31	99	0	0	0	0	0	3	6	15	0	0	0	0	11	
24.96	46.7	1263	308	2	18	561	408	3	269	321	0	0	0	0	3	2	11	90	1	2	2	1	16	
24.98	46.5	292	90	4	0	25	230	3	2	1	0	0	0	0	0	6	2	0	0	4	1	0	19	
24.98	51.5	101	52	0	0	7	2	0	0	2	0	0	0	0	1	0	0	0	0	0	0	0	4	
25.0	45.0	0	65	0	0	0	1	0	0	0	0	0	0	0	0	0	0	1	0	0	0	0	2	
25.0	51.5	10	297	2	1	100	31	3	0	0	8	0	0	0	3	4	4	4	1	7	2	4	11	
25.060000000000002	45.45	2130	21	0	0	7	3	1	4	3	0	0	0	0	0	0	6	3	0	1	1	0	1	
25.060000000000002	46.65	79	8	0	0	1	95	0	0	1	0	0	0	0	0	0	0	0	0	0	0	0	0	
25.060000000000002	46.7	80	3	0	1	39	3	0	1	7	0	0	0	0	0	0	0	0	0	0	0	0	1	
25.12	51.3	6	241	0	1	4	1	0	0	1	0	0	0	0	0	0	1	2	0	2	0	0	10	
25.14	51.5	131	95	1	0	3	1	1	2	0	0	0	0	0	0	0	0	0	0	2	1	0	3	
25.14	51.55	1464	247	2	3	25	50	2	4	7	0	0	0	0	5	2	4	5	0	16	2	2	22	
25.14	51.6	445	85	0	1	21	9	0	4	40	0	0	0	0	1	0	2	2	0	0	0	0	9	
25.16	51.35	269	33	0	2	23	1	0	8	353	0	0	0	0	1	0	0	0	0	0	0	1	5	
25.16	51.45	21	70	1	0	5	0	0	1	19	0	0	0	0	0	0	1	2	0	0	0	0	2	
25.16	51.55	1339	657	9	17	52	38	10	15	9	0	1	0	0	3	32	8	3	0	20	5	4	56	
25.16	51.6	1025	131	2	2	13	3	2	10	1	0	0	0	0	0	2	0	1	0	0	0	2	5	
25.18	51.35	1486	24	1	1	4	12	4	0	1	1	0	0	0	1	0	2	0	0	0	0	0	2	
25.18	51.4	93	396	6	7	14	22	1	3	65	0	20	0	0	0	2	4	2	0	1	0	7	456	
25.18	51.45	79	80	2	2	18	19	1	0	0	1	0	0	0	1	1	3	4	0	1	1	1	9	
25.18	51.5	15	61	2	0	11	58	0	0	0	0	0	0	0	1	3	0	1	0	1	0	1	4	
25.18	51.55	621	187	2	2	9	1	0	1	0	0	0	0	0	0	3	0	1	0	2	0	0	8	
25.18	51.6	1009	74	0	0	9	5	0	6	2	0	0	0	0	1	4	3	3	0	2	0	2	1	
25.2	51.35	1050	51	1	1	8	5	1	1	0	0	0	0	0	1	0	0	0	0	1	0	0	3	
25.2	51.4	413	186	1	2	17	58	1	0	8	0	0	0	0	0	0	1	1	0	3	0	0	11	
25.2	51.45	514	99	0	0	3	3	0	2	0	0	0	0	0	2	0	0	1	0	0	0	0	1	
25.2	51.5	336	147	3	2	7	62	0	3	0	0	0	0	0	1	0	1	0	0	1	0	0	8	
25.22	44.15	87	0	0	0	0	0	0	2	0	0	0	0	0	0	0	0	0	0	0	0	0	51	
25.22	51.35	622	59	1	0	7	3	2	3	2	0	0	0	0	0	2	1	2	0	5	2	2	2	
25.22	51.4	2055	529	2	0	33	63	0	7	2	0	0	0	0	4	1	5	2	0	5	2	7	16	
25.22	51.45	4348	1325	21	17	98	70	113	91	5	1	0	0	0	14	14	19	8	0	32	3	5	94	
25.22	51.5	586	320	10	2	19	63	0	5	2	0	0	0	0	127	1	5	3	0	5	0	1	15	
25.22	51.55	1029	357	3	13	15	27	5	7	3	0	0	0	0	2	7	5	1	0	10	1	3	28	
25.240000000000002	44.15	351	0	0	0	0	0	0	1	0	0	0	0	0	0	0	0	0	0	0	0	0	131	
25.240000000000002	51.4	5695	1122	16	11	33	45	21	65	12	0	0	0	0	6	1	16	15	0	12	5	5	61	
25.240000000000002	51.45	3520	1476	19	18	121	123	18	27	11	0	0	0	0	6	15	16	11	0	14	4	7	57	
25.240000000000002	51.5	5108	1531	30	14	159	446	13	56	15	5	0	0	0	16	18	16	14	1	32	4	9	81	
25.240000000000002	51.55	1402	1056	278	12	70	210	12	21	9	5	0	0	0	3	18	9	10	0	24	2	9	48	
25.259999999999998	51.4	4550	1278	27	20	125	57	40	54	11	1	0	0	0	12	7	18	52	0	16	2	23	124	
25.259999999999998	51.45	3810	1480	21	22	73	265	35	20	14	1	0	0	1	13	10	11	10	1	24	3	9	89	
25.259999999999998	51.5	4213	5141	122	48	343	1537	55	65	14	57	3	0	3	50	27	40	53	132	63	22	40	450	
25.259999999999998	51.55	1149	1554	50	30	303	422	40	153	26	4	0	0	0	19	3	10	43	62	19	0	14	139	
25.28	51.4	3720	746	11	21	43	92	15	22	13	1	0	0	0	6	13	4	6	0	23	6	3	45	
25.28	51.45	1327	832	27	10	69	188	9	8	0	3	0	0	0	7	6	11	17	0	22	9	4	64	
25.28	51.5	5192	3697	87	51	381	1210	103	69	143	4	1	0	6	77	16	103	61	3	74	9	33	248	
25.28	51.55	254	308	10	9	57	17	1	4	2	0	0	0	0	4	1	1	5	1	2	0	4	16	
25.3	51.4	2126	887	8	6	52	21	10	21	4	0	1	0	0	2	7	4	14	8	11	2	9	34	
25.3	51.45	4984	1771	19	38	89	633	12	44	19	4	3	0	0	18	13	15	7	1	40	4	9	180	
25.3	51.5	1631	779	10	11	61	85	13	40	17	1	0	0	0	5	3	2	16	19	4	0	16	47	
25.32	49.55	11503	670	10	8	58	23	5	63	10	2	0	0	0	5	5	10	12	0	12	2	3	35	
25.32	49.6	2486	77	1	0	12	2	1	36	10	2	0	0	0	0	1	2	1	0	5	0	0	9	
25.32	51.4	2549	730	14	10	53	30	12	17	4	0	0	0	0	8	14	10	6	1	21	1	6	31	
25.32	51.45	4254	1366	18	16	94	130	15	75	12	0	0	0	0	9	13	17	17	0	22	11	5	73	
25.32	51.5	3431	2722	86	25	94	89	212	73	49	5	1	0	0	25	23	18	38	11	29	9	14	158	
25.34	49.5	2122	39	3	2	15	1	0	103	4	1	0	0	0	1	0	0	2	0	0	0	0	8	
25.34	49.55	19106	532	12	25	138	17	12	110	64	3	0	0	0	6	14	13	20	1	30	0	1	41	
25.34	49.6	4756	456	3	4	35	6	1	21	14	4	0	0	0	4	3	7	3	0	16	1	4	13	
25.34	51.4	4582	442	16	7	28	11	2	29	3	0	0	0	0	6	4	3	7	0	1	1	3	19	
25.34	51.45	3398	806	7	8	51	67	29	32	17	0	0	0	0	3	11	11	8	2	14	1	3	35	
25.34	51.5	2892	1366	31	19	93	48	62	62	10	1	0	0	0	11	1	18	39	0	14	4	13	116	
25.36	49.5	1851	155	1	4	13	4	0	7	3	0	1	0	0	1	2	1	1	0	2	2	2	9	
25.36	49.55	26271	691	18	46	122	41	18	126	50	5	0	0	0	7	38	17	22	0	25	9	11	115	
25.36	49.6	4094	64	3	1	4	6	1	19	8	0	0	0	0	0	1	1	3	0	2	0	1	6	
25.36	49.7	2202	57	3	0	86	4	0	6	2	0	0	0	0	6	1	1	2	3	0	0	0	8	
25.36	51.25	323	53	0	0	11	27	0	0	2	0	0	0	0	0	0	2	1	0	2	0	1	1	
25.36	51.4	5410	211	5	6	16	9	2	34	6	0	1	0	0	5	4	14	1	2	3	2	1	17	
25.36	51.45	2933	320	1	2	18	23	7	34	10	0	0	0	0	1	3	5	6	0	10	2	5	16	
25.36	51.5	1456	1963	67	14	95	60	364	74	14	13	0	0	0	85	16	17	25	0	24	5	16	127	
25.36	51.55	60	50	0	0	2	0	0	1	0	0	0	0	0	1	0	0	0	0	0	0	0	0	
25.38	47.25	882	41	1	0	13	0	1	9	5	0	0	0	0	0	0	0	0	0	0	0	0	3	
25.38	49.55	3465	121	8	4	67	20	1	80	20	2	0	0	0	4	2	0	15	1	4	0	3	17	
25.38	49.6	2770	69	0	0	20	10	2	14	4	107	0	0	0	0	0	1	5	0	5	0	0	14	
25.38	50.75	88	78	0	0	0	1	1	0	0	0	0	0	0	0	0	0	0	0	1	0	0	0	
25.38	51.4	2478	340	20	10	30	12	11	18	4	0	0	0	0	15	6	2	5	0	15	0	10	37	
25.38	51.45	1265	89	2	1	4	2	0	6	0	0	0	0	0	0	0	1	0	0	5	0	0	8	
25.38	51.5	43	151	7	3	2	6	0	1	0	0	0	0	0	27	1	2	1	0	2	1	2	239	
25.4	49.5	3971	43	3	1	9	6	1	12	23	0	0	0	0	0	3	0	1	0	5	0	1	8	
25.4	49.55	10397	263	3	7	76	18	4	53	17	1	0	0	0	4	5	5	25	3	3	1	2	50	
25.4	49.6	893	1174	41	1	7	7	8	12	1	0	0	0	0	9	4	4	2	0	8	0	0	33	
25.4	49.65	1421	144	1	1	5	1	0	17	1	1	0	0	0	0	0	3	1	4	0	0	0	7	
25.4	50.75	53	319	1	3	56	48	1	0	2	0	0	0	0	2	3	4	1	0	4	0	2	13	
25.4	51.4	3204	168	6	2	13	3	2	22	12	0	0	0	0	2	2	3	31	0	9	0	2	14	
25.4	51.45	429	48	0	1	0	4	2	3	0	0	0	0	0	0	0	0	0	0	0	0	2	4	
25.42	49.5	2704	23	0	0	0	12	1	9	4	0	0	0	0	0	1	1	0	0	0	0	1	7	
25.42	49.55	8311	319	5	5	55	25	6	64	9	0	0	0	0	4	8	8	4	2	12	2	5	35	
25.42	50.75	29	103	4	1	67	14	2	0	0	0	0	0	0	0	4	0	0	0	4	0	1	9	
25.44	49.5	4157	36	0	0	5	4	0	17	6	1	0	0	0	0	0	1	1	0	1	0	0	3	
25.44	49.55	4066	93	2	2	13	5	4	21	7	0	0	0	0	2	0	3	0	4	0	2	1	8	
25.44	49.6	2496	35	3	0	13	1	0	10	3	0	0	0	0	0	1	2	2	0	0	2	0	6	
25.46	51.35	810	230	1	3	3	5	6	7	1	0	0	0	0	5	0	0	0	0	4	0	1	8	
25.48	51.35	475	45	3	0	0	2	1	5	4	0	0	0	0	0	0	1	0	0	1	0	0	4	
25.48	51.4	418	75	2	0	0	0	0	4	0	0	0	0	0	0	0	0	1	0	1	0	0	4	
25.5	44.1	136	1	0	0	94	0	0	0	0	0	0	0	0	0	0	0	0	0	0	0	0	0	
25.5	44.15	318	3	0	0	292	0	0	2	0	0	0	0	0	0	0	0	36	1	0	0	0	0	
25.560000000000002	47.15	2619	31	2	1	5	0	1	7	4	0	0	0	0	0	0	0	1	0	0	0	0	4	
25.6	49.55	4029	17	2	2	41	5	0	8	10	0	0	0	0	0	0	0	1	0	4	0	0	7	
25.66	39.25	1951	98	0	0	4	0	1	6	6	0	0	0	0	1	0	0	0	1	0	0	0	2	
25.66	51.45	286	38	1	1	3	2	0	2	0	0	0	0	0	1	0	0	0	0	2	1	0	2	
25.66	51.5	746	72	0	0	6	3	1	2	0	0	0	0	0	0	0	0	0	0	1	0	1	9	
25.68	39.25	777	79	0	0	0	0	0	4	2	0	0	0	0	0	0	0	0	0	0	0	0	0	
25.68	51.45	416	45	0	0	3	3	0	6	3	0	0	0	0	1	0	0	1	1	2	0	0	6	
25.68	51.5	849	84	2	1	13	4	1	4	0	0	0	0	0	3	1	1	3	0	3	0	0	8	
25.7	45.85	1222	57	1	0	5	1	0	5	1	0	0	0	0	0	1	0	0	0	1	0	0	4	
25.7	51.5	156	229	5	1	162	10	7	1	2	0	0	0	0	2	1	5	2	0	0	0	2	20	
25.72	51.5	773	157	4	1	9	3	1	4	10	0	0	0	0	1	2	2	2	0	2	1	3	4	
25.82	50.1	6	16	2	0	26	2	0	1	3	0	0	0	0	1	3	1	0	0	1	0	0	1	
25.82	50.6	16	46	1	1	4	0	0	1	0	0	0	0	0	0	0	1	1	0	1	0	1	0	
25.82	51.3	34	10	2	67	4	0	1	2	1	0	0	0	0	0	0	0	0	0	0	0	1	2	
25.84	43.45	4658	103	4	1	6	3	0	9	12	0	0	0	0	1	1	0	0	1	1	0	0	11	
25.84	44.2	4480	35	3	0	1	2	13	24	1	0	0	0	0	1	0	1	1	0	1	0	0	4	
25.86	43.45	9656	148	2	2	30	6	2	39	10	0	0	0	0	3	2	1	1	0	3	0	2	22	
25.86	43.5	7140	64	0	1	10	2	2	38	6	1	0	0	0	1	0	0	1	2	1	1	0	3	
25.88	43.45	1890	32	0	0	2	1	0	9	3	0	0	0	0	0	0	0	0	1	0	0	2	2	
25.88	43.5	3695	96	0	1	15	3	1	17	11	0	0	0	0	4	0	0	6	0	1	0	0	7	
25.88	49.55	9	71	1	1	33	16	0	0	0	0	4	0	0	0	3	2	1	0	0	0	0	6	
25.9	45.35	7221	103	1	2	22	16	1	18	11	20	0	0	0	2	3	3	3	0	19	2	2	15	
25.92	49.65	6344	68	12	0	9	1	1	12	9	1	0	0	0	4	2	4	2	11	1	0	0	3	
25.94	50.6	14	173	3	1	1	4	2	0	1	0	0	0	0	0	1	0	0	0	2	0	0	0	
25.98	43.7	4734	142	1	1	9	7	1	62	3	1	0	0	0	5	3	3	2	3	4	1	5	26	
25.98	50.5	162	52	0	1	6	0	2	4	0	0	0	0	0	0	1	0	0	0	4	0	0	3	
26.0	50.5	296	94	0	0	16	0	2	5	1	0	0	0	0	0	0	1	1	0	3	0	0	3	
26.02	50.5	242	191	2	3	37	2	1	3	2	0	0	0	0	0	0	0	36	0	1	0	3	4	
26.04	50.45	1986	146	5	1	33	7	1	8	3	0	0	0	0	0	2	2	3	0	5	1	1	10	
26.04	50.5	1160	344	4	5	33	5	7	8	7	0	0	0	0	6	2	1	8	1	8	0	2	13	
26.060000000000002	43.6	1570	14	2	2	14	1	1	5	3	0	0	0	0	1	3	0	0	0	1	0	0	15	
26.060000000000002	43.95	6597	100	7	2	8	3	1	39	9	0	0	0	0	0	1	1	1	0	6	0	1	8	
26.060000000000002	44.0	2063	44	1	2	7	1	0	9	10	0	0	0	0	0	2	0	0	0	0	0	1	4	
26.060000000000002	50.5	2665	264	3	5	23	10	2	23	2	0	0	0	0	3	10	7	4	0	13	1	1	24	
26.08	43.9	891	43	0	0	0	0	0	3	3	0	0	0	0	0	0	0	1	0	0	0	4	0	
26.08	43.95	7379	112	0	1	28	41	1	33	15	0	0	0	0	2	1	2	7	0	0	1	0	5	
26.08	44.0	11000	95	7	0	13	155	0	38	33	1	0	0	0	6	1	1	0	0	8	0	3	16	
26.08	50.0	29	27	0	0	10	0	0	6	0	0	0	0	0	0	0	0	15	0	0	0	0	0	
26.08	50.45	730	217	1	3	6	12	0	5	2	0	3	0	0	0	1	1	5	0	1	0	0	10	
26.08	50.5	3008	409	11	11	52	189	7	6	1	1	0	0	0	3	9	9	3	1	29	2	3	55	
26.08	50.55	438	126	0	1	4	2	0	0	0	0	0	0	0	1	1	2	1	0	1	2	0	9	
26.1	43.95	2933	113	14	4	8	5	2	6	7	0	0	0	0	1	4	2	1	0	0	0	1	17	
26.1	44.0	3235	43	2	1	2	0	0	8	4	0	0	0	0	0	0	1	3	0	0	0	0	2	
26.1	50.15	37	19	1	0	6	0	2	3	0	0	0	0	0	0	1	2	3	0	0	0	0	21	
26.1	50.45	1603	156	4	1	5	7	1	7	1	0	0	0	0	0	1	4	0	0	5	2	1	24	
26.1	50.5	3940	543	13	2	35	83	2	24	4	0	0	0	0	3	12	4	113	0	22	3	3	51	
26.1	50.55	2993	601	8	7	34	81	4	12	15	0	0	0	0	5	6	9	7	0	10	0	2	26	
26.12	43.65	3632	25	1	1	8	0	2	10	9	0	0	0	0	3	1	0	0	0	1	1	1	1	
26.12	50.05	25	43	0	0	0	2	0	3	0	0	0	0	0	0	0	0	1	0	3	0	2	0	
26.12	50.45	1844	249	4	1	8	15	0	4	0	0	0	0	0	3	0	2	0	0	6	0	1	24	
26.12	50.5	6637	1497	22	17	92	54	20	28	18	1	0	0	0	21	47	14	25	0	78	5	9	100	
26.12	50.55	14775	2463	37	112	213	99	24	48	32	1	5	4	0	30	66	41	36	2	109	12	22	162	
26.12	50.6	308	122	7	5	8	55	1	0	1	0	0	0	0	1	6	2	1	0	7	1	0	17	
26.14	43.65	1759	37	0	0	5	1	0	11	4	0	0	0	0	0	0	1	0	0	0	0	0	2	
26.14	43.95	632	22	0	0	2	0	0	4	1	0	0	0	0	0	0	0	50	0	0	0	34	2	
26.14	50.05	253	185	2	1	66	1	20	15	0	0	0	0	0	2	1	0	2	0	1	0	1	5	
26.14	50.15	326	496	1	1	5	4	0	2	0	0	0	0	0	0	0	2	3	0	1	0	0	1	
26.14	50.45	1191	102	0	4	6	4	0	6	4	0	0	0	0	2	0	2	3	0	3	0	1	5	
26.14	50.5	3682	824	12	10	41	49	13	20	5	0	0	0	0	3	19	9	7	3	35	1	7	39	
26.14	50.55	2755	1936	26	24	86	91	17	14	9	0	0	0	0	28	35	31	16	0	55	6	12	113	
26.14	50.6	466	289	4	1	19	11	1	2	1	0	0	0	0	3	8	7	6	0	5	0	2	18	
26.16	50.15	1844	71	0	1	13	0	0	15	5	0	0	0	0	0	3	0	3	0	2	5	0	3	
26.16	50.45	658	253	3	0	13	7	2	6	1	0	0	0	0	1	0	1	3	0	17	1	1	6	
26.16	50.5	1856	415	5	13	32	24	3	17	5	0	0	0	0	5	8	10	5	0	25	1	3	37	
26.16	50.55	5655	3128	28	33	106	153	16	69	8	0	0	0	0	23	26	21	35	5	65	12	20	164	
26.16	50.6	954	109	0	1	7	0	1	6	0	0	0	0	0	1	1	3	23	0	0	0	0	2	
26.18	50.0	184	52	0	3	6	5	2	7	1	0	0	0	0	0	1	2	3	0	2	0	0	2	
26.18	50.05	159	19	0	0	0	0	0	40	3	0	0	0	0	0	0	0	0	0	0	0	0	0	
26.18	50.15	1511	359	5	3	24	10	0	9	6	0	0	0	0	2	9	1	2	1	3	0	2	23	
26.18	50.2	851	63	0	1	1	2	1	9	0	0	0	0	0	0	1	0	0	0	2	0	0	1	
26.18	50.3	1227	968	1	2	90	20	3	35	10	0	0	0	0	1	2	0	14	0	1	0	3	10	
26.18	50.45	663	630	13	5	29	15	4	10	1	0	1	0	0	2	6	9	7	0	10	1	1	37	
26.18	50.5	1648	742	12	8	38	34	5	10	3	0	0	0	0	9	10	11	6	0	22	4	4	52	
26.18	50.55	673	407	4	6	44	20	1	6	1	0	0	0	0	1	9	3	6	0	12	3	4	17	
26.2	50.15	6246	373	4	22	83	27	5	50	18	0	0	0	0	7	19	11	5	1	26	1	3	28	
26.2	50.2	6147	333	6	4	12	8	1	61	8	0	0	0	0	3	13	8	2	0	13	0	12	11	
26.2	50.25	57	69	1	0	2	0	0	0	0	0	0	0	0	0	1	1	2	0	0	0	0	0	
26.2	50.4	654	124	3	3	9	8	0	1	0	0	0	0	0	2	10	4	1	0	11	1	0	18	
26.2	50.45	1180	625	9	15	37	26	2	9	4	0	0	0	0	5	6	6	5	0	9	2	4	30	
26.2	50.5	2109	504	5	10	43	21	2	23	9	0	0	0	0	6	13	12	5	0	15	2	3	35	
26.2	50.55	4133	2179	29	24	193	128	17	53	19	0	1	0	0	28	16	24	28	4	35	5	12	156	
26.2	50.6	892	1980	38	15	99	103	14	11	41	1	1	0	7	16	42	31	23	3	63	5	7	102	
26.22	36.45	1186	19	0	4	17	4	0	3	4	0	0	0	0	0	4	4	0	0	4	0	2	11	
26.22	50.15	805	76	2	2	5	4	2	5	21	0	0	0	0	2	0	4	10	0	1	0	0	5	
26.22	50.45	378	123	0	0	8	4	3	3	0	0	0	0	0	0	2	1	0	0	2	1	0	28	
26.22	50.5	3835	2441	23	15	191	101	26	50	30	2	0	0	0	20	21	28	48	0	37	16	20	155	
26.22	50.55	4424	3871	19	33	346	492	19	142	83	1	4	0	0	19	30	66	72	0	48	3	30	222	
26.22	50.6	429	342	4	1	36	7	7	6	0	1	0	0	1	0	1	2	12	0	2	0	1	10	
26.22	50.65	2123	517	12	3	21	22	6	5	1	0	0	0	0	6	5	4	5	1	11	2	0	21	
26.240000000000002	49.95	841	32	0	0	37	0	0	3	2	0	0	0	0	0	0	0	0	5	0	0	0	2	
26.240000000000002	50.0	42	49	0	0	5	1	0	1	1	0	0	0	0	3	0	0	0	0	0	0	0	1	
26.240000000000002	50.2	10672	221	4	1	19	9	1	56	18	0	0	0	0	2	2	6	2	1	2	2	4	13	
26.240000000000002	50.5	210	157	4	0	8	2	2	5	2	0	0	0	0	2	0	0	30	0	1	0	1	5	
26.240000000000002	50.55	448	273	4	7	42	16	2	6	1	0	0	0	0	5	10	4	12	5	6	0	2	19	
26.240000000000002	50.6	13305	3866	52	45	218	141	42	80	40	3	0	1	0	25	96	57	36	2	165	20	26	262	
26.240000000000002	50.65	1317	255	11	10	20	15	4	2	1	0	0	0	0	4	8	3	18	0	19	1	8	32	
26.259999999999998	50.2	1729	39	0	0	6	1	0	4	0	0	0	0	0	0	0	1	0	0	1	0	0	1	
26.259999999999998	50.6	1283	397	6	1	11	26	4	7	292	0	0	0	0	0	7	6	3	0	10	0	3	16	
26.28	44.8	9090	98	1	1	18	1	2	21	28	0	0	0	0	0	0	0	1	1	6	1	0	10	
26.3	43.75	1313	63	1	4	6	0	0	5	34	0	0	0	0	0	0	1	0	0	0	0	1	0	
26.3	43.95	3363	13	0	0	1	1	0	8	36	0	0	0	0	0	0	0	0	0	0	0	0	0	
26.3	44.0	7969	61	0	0	6	2	0	18	7	2	0	0	0	1	2	2	0	1	2	1	8	27	
26.3	44.8	9030	57	1	2	8	3	2	22	21	0	0	0	0	1	0	1	2	0	16	1	2	11	
26.32	43.95	8175	137	6	4	28	18	1	39	18	2	0	0	0	1	1	5	0	1	3	2	3	45	
26.32	44.0	2970	23	3	0	8	4	0	8	11	0	0	0	0	0	0	2	0	0	0	1	0	4	
26.34	43.9	3590	41	2	0	22	6	4	9	13	0	0	0	0	4	1	2	1	0	0	0	1	7	
26.34	43.95	8098	92	2	2	19	8	2	29	19	2	0	0	0	3	1	2	3	0	5	0	1	9	
26.36	43.85	3054	72	2	1	6	11	2	7	6	11	0	0	0	1	2	1	1	2	1	2	2	15	
26.36	43.9	9825	62	1	2	18	5	0	27	13	0	0	0	0	1	0	3	1	1	1	0	0	20	
26.36	43.95	14722	261	4	0	10	7	1	59	29	0	0	0	0	3	2	2	7	1	4	0	0	14	
26.380000000000003	43.85	2997	27	1	0	4	1	0	8	6	0	0	0	0	0	0	0	0	1	3	0	0	6	
26.380000000000003	43.9	8810	78	5	2	16	3	1	22	13	0	0	0	0	2	0	3	0	1	0	0	0	8	
26.380000000000003	43.95	9216	52	3	16	11	2	1	29	15	0	0	0	0	0	1	1	3	0	2	1	1	5	
26.4	43.9	4431	120	2	2	11	127	2	13	10	0	0	0	0	3	3	3	2	0	0	0	0	2	
26.98	38.25	0	0	0	615	6	0	0	0	0	0	0	0	0	0	0	0	0	0	0	0	0	2	
27.0	38.25	0	0	0	308	2	0	0	0	0	0	0	0	0	0	0	0	0	0	0	0	0	0	
27.02	38.3	0	0	0	320	2	0	0	0	0	0	0	0	0	0	0	0	0	0	0	0	0	0	
27.04	38.3	0	0	0	668	0	0	0	0	0	0	0	0	0	0	0	0	0	0	0	0	0	0	
27.060000000000002	38.35	0	0	0	288	3	0	0	0	0	0	0	0	0	0	0	0	0	0	0	0	0	2	
27.08	38.35	0	0	0	625	1	0	0	0	0	0	0	0	0	0	0	0	0	0	0	1	0	5	
27.1	38.4	0	0	0	321	0	0	0	0	0	0	0	0	0	0	0	1	0	0	0	0	0	2	
27.34	41.6	253	38	0	0	0	0	1	0	2	0	0	0	0	0	0	3	2	0	1	0	1	3	
27.4	36.5	421	3	0	0	0	0	0	0	81	0	0	0	0	0	0	1	0	0	0	0	0	0	
27.46	41.7	4168	48	1	0	6	5	2	11	7	0	0	0	0	0	0	1	1	0	1	0	0	2	
27.46	48.45	6270	44	1	1	9	2	1	17	10	1	0	0	0	1	0	2	0	0	1	0	0	4	
27.48	41.65	6980	99	2	1	5	3	2	24	3	0	0	0	0	0	1	1	1	1	6	0	1	7	
27.48	41.7	3530	50	1	2	5	1	10	11	11	0	0	0	0	1	0	1	0	0	1	0	7	6	
27.5	41.65	12593	300	11	4	28	10	1	47	19	4	0	0	0	3	3	15	3	5	3	3	1	9	
27.5	41.7	5683	89	1	5	24	8	3	17	6	0	0	0	0	1	3	4	1	0	3	2	4	9	
27.52	41.65	14178	154	2	1	10	8	1	35	21	3	0	0	0	5	1	4	0	1	3	1	1	5	
27.52	41.7	1932	56	0	1	6	1	0	6	2	0	0	0	0	0	0	0	1	0	0	0	0	2	
27.54	41.65	8325	57	2	2	4	4	1	26	8	0	0	0	0	1	0	2	1	0	1	1	3	7	
27.54	41.7	7598	36	0	1	6	3	1	9	9	0	0	0	0	0	2	4	1	4	1	0	3	5	
27.560000000000002	41.65	3681	116	1	0	5	1	1	20	7	0	0	0	0	1	0	1	1	0	0	0	0	5	
27.62	38.5	5975	23	0	2	8	0	0	12	15	0	0	0	0	0	0	1	0	1	0	0	1	4	
27.98	45.5	10087	43	1	0	3	2	0	18	20	0	0	0	0	3	1	3	1	1	1	0	0	5	
27.98	45.55	1137	35	0	0	3	1	0	7	1	0	0	0	0	0	3	2	1	0	3	0	0	2	
28.3	46.1	5848	46	1	0	10	4	2	27	5	0	0	0	0	4	0	0	0	0	5	0	0	4	
28.34	36.55	5648	34	0	0	9	2	1	19	4	0	0	0	0	1	1	1	1	0	3	0	0	2	
28.36	36.5	5477	34	0	0	4	8	0	15	13	1	0	0	0	2	2	1	0	4	1	0	2	4	
28.36	36.55	12560	138	3	0	18	5	3	35	27	2	0	0	0	3	0	2	0	0	4	1	1	7	
28.36	45.95	5704	18	1	0	0	1	0	9	15	0	0	0	0	0	1	1	0	0	1	0	3	1	
28.380000000000003	36.5	13394	90	4	1	29	1	4	42	13	0	0	0	0	2	1	1	5	5	2	0	0	10	
28.380000000000003	36.55	19298	519	7	5	46	20	6	67	34	4	0	0	0	1	4	9	3	10	13	2	7	27	
28.380000000000003	36.6	2298	15	0	1	3	0	0	11	5	37	0	0	0	0	0	1	0	0	0	1	0	3	
28.380000000000003	45.9	4314	19	0	0	1	2	0	17	6	0	0	0	0	2	0	2	0	0	1	0	0	1	
28.380000000000003	45.95	10777	46	1	1	7	2	1	104	31	2	0	0	0	1	2	4	1	1	1	0	0	7	
28.4	36.5	13568	79	2	2	60	6	1	44	28	0	0	0	0	2	0	2	3	4	3	0	3	5	
28.4	36.55	23129	158	6	41	34	10	0	61	33	6	0	0	0	5	2	2	109	2	1	0	0	32	
28.4	45.9	6435	26	1	0	3	1	1	6	13	0	0	0	0	1	0	0	0	0	0	0	1	2	
28.4	45.95	10785	70	3	0	15	7	1	28	17	2	0	0	0	4	1	5	60	2	10	0	1	79	
28.4	48.45	8648	90	3	9	21	17	2	28	21	1	0	0	0	1	3	2	2	3	6	0	0	10	
28.42	36.5	3875	27	1	0	4	2	0	11	4	0	0	0	0	0	1	2	0	12	0	0	0	0	
28.42	36.55	8384	198	3	1	10	6	5	13	10	0	0	0	0	2	2	3	1	2	1	0	3	10	
28.42	45.9	7357	41	2	1	5	1	1	9	11	0	0	0	0	0	0	2	1	1	0	1	0	4	
28.42	45.95	7987	198	2	6	23	5	2	20	28	8	0	0	0	1	1	22	6	2	0	2	1	34	
28.42	48.45	3175	34	2	0	6	5	0	11	5	0	0	0	0	1	0	0	0	1	0	0	3	5	
28.439999999999998	45.95	12237	74	2	17	5	1	0	32	19	1	0	0	0	2	1	2	3	3	0	1	1	11	
28.439999999999998	46.0	4973	24	0	0	2	4	0	13	3	0	0	0	0	2	0	3	0	0	1	0	1	8	
28.439999999999998	48.45	3813	35	0	3	7	1	0	10	12	0	0	0	0	1	2	1	0	1	1	0	1	12	
28.52	48.4	264	17	1	0	0	5	0	34	0	0	0	0	0	1	0	0	1	0	0	0	0	1	
28.54	48.35	528	40	0	2	35	5	1	6	6	0	0	0	0	0	1	20	1	0	0	0	0	5	
28.560000000000002	48.1	492	51	0	1	7	1	0	5	3	0	0	0	0	1	1	4	1	0	3	0	0	0	
28.560000000000002	48.35	296	27	1	3	10	5	0	2	1	0	0	0	0	1	3	2	0	0	5	0	0	6	
28.560000000000002	48.4	110	24	1	0	5	1	0	0	4	0	0	0	0	1	0	22	0	0	1	0	0	4	
28.58	48.1	333	27	0	0	7	0	0	10	0	0	0	0	0	1	1	2	0	0	14	0	1	2	
28.58	48.15	362	39	0	1	5	2	1	6	1	0	0	0	0	0	0	0	1	0	5	2	0	7	
28.58	48.35	156	55	0	1	14	4	2	6	0	0	0	0	0	2	0	10	0	0	3	0	0	4	
28.6	48.1	323	26	1	2	2	3	2	0	0	0	0	0	0	3	1	1	3	0	3	0	1	5	
28.6	48.3	146	43	0	0	12	15	0	2	0	0	0	0	0	0	1	4	1	0	6	0	0	18	
28.6	48.35	444	57	1	1	17	15	0	6	2	0	0	0	0	0	1	1	1	0	6	0	0	10	
28.62	48.35	298	41	0	0	18	13	0	4	0	0	0	0	0	1	0	4	2	0	2	0	2	7	
28.64	48.35	2140	463	10	8	191	36	6	45	8	0	0	0	0	5	13	16	30	0	28	2	9	65	
28.66	48.3	105	57	0	0	8	2	1	4	1	0	0	0	0	0	0	1	0	0	1	1	0	2	
28.66	48.35	1362	335	3	8	208	28	2	198	8	0	0	0	0	3	12	17	10	0	26	3	12	38	
28.68	48.25	406	106	1	11	10	3	3	7	0	0	0	0	0	1	0	5	1	0	9	0	1	9	
28.700000000000003	47.9	460	42	2	1	3	1	0	0	0	0	0	0	0	1	0	0	0	0	2	0	1	1	
28.700000000000003	48.2	304	64	2	1	7	1	0	3	0	0	0	0	0	0	1	0	0	0	1	0	0	2	
28.700000000000003	48.25	1215	135	5	9	17	20	0	37	2	0	0	0	0	1	6	9	1	0	8	8	3	16	
28.72	48.25	809	466	3	4	44	17	7	63	5	0	0	0	0	2	2	22	4	0	13	1	1	29	
28.72	48.35	241	32	1	2	13	1	1	2	0	0	0	0	0	0	5	2	3	0	7	0	0	12	
28.740000000000002	48.25	594	48	2	0	7	3	2	7	2	0	0	0	0	0	0	17	0	0	6	2	2	8	
28.740000000000002	48.35	31	47	0	0	2	0	1	0	0	0	0	0	0	0	3	0	0	0	1	1	0	3	
28.759999999999998	48.25	1339	105	6	3	27	17	2	12	1	0	0	0	0	2	11	9	5	0	10	2	3	22	
28.759999999999998	48.3	58	33	1	1	7	2	1	0	4	0	0	0	0	1	0	0	3	0	0	0	7	5	
28.78	48.2	663	64	2	1	11	4	1	6	1	0	0	0	0	0	0	0	1	0	1	0	0	10	
28.78	48.25	1038	254	8	9	99	43	4	14	4	0	0	0	0	2	11	14	6	0	12	2	1	24	
28.8	48.25	1075	178	2	6	123	40	3	22	4	0	0	0	0	0	6	10	7	0	9	0	0	69	
28.82	40.8	0	0	0	192	1	0	0	0	0	0	0	0	0	0	0	0	0	0	0	0	0	0	
28.82	48.25	428	66	1	2	23	9	0	11	2	0	0	0	0	0	1	6	3	0	5	1	4	10	
28.84	40.85	0	0	0	188	1	0	0	0	0	0	0	0	0	0	0	0	0	0	0	0	0	0	
28.84	48.2	582	103	0	2	31	9	0	3	1	0	0	0	0	2	3	2	0	0	2	0	1	12	
28.84	48.25	130	41	0	0	8	2	1	2	1	0	0	0	0	0	1	0	1	0	0	0	0	4	
28.86	40.85	0	0	0	345	3	0	0	0	0	0	0	0	0	0	0	0	0	0	0	0	0	1	
28.86	48.15	299	288	0	1	2	3	0	3	0	0	0	0	0	0	2	2	2	0	3	0	3	0	
28.86	48.2	1399	233	11	9	140	7	2	23	3	0	0	0	0	7	4	20	2	0	17	1	4	59	
28.86	48.25	173	157	5	1	74	2	1	5	3	0	0	0	0	0	0	17	0	0	2	0	1	8	
28.880000000000003	40.9	0	0	0	169	0	0	0	0	0	0	0	0	0	0	0	0	0	0	0	0	0	0	
28.880000000000003	48.15	269	288	1	0	2	2	0	4	0	0	0	0	0	0	0	1	1	0	3	0	0	3	
28.880000000000003	48.2	1069	201	4	2	77	18	3	16	3	1	0	0	0	1	5	88	4	0	10	1	1	79	
28.880000000000003	48.25	792	147	3	7	270	12	0	19	4	0	0	0	0	2	6	13	1	0	7	1	0	27	
28.9	40.9	0	0	0	352	7	0	0	0	0	0	0	0	0	0	0	0	0	0	0	0	0	0	
28.9	48.15	405	51	0	0	7	2	1	2	0	0	1	0	0	0	2	0	13	0	4	0	1	4	
28.9	48.2	453	88	1	1	52	12	0	23	3	1	0	0	0	1	1	12	1	0	4	3	1	19	
28.92	40.0	0	0	0	134	0	0	0	0	0	0	0	0	0	0	0	0	0	0	0	0	0	0	
28.92	40.95	0	0	0	180	3	0	0	0	0	0	0	0	0	0	0	0	0	0	0	0	0	0	
28.92	48.1	686	32	0	0	4	4	1	5	0	0	0	0	0	0	0	0	4	0	3	1	1	3	
28.92	48.15	1159	113	2	1	20	7	1	5	3	0	0	0	0	0	2	8	3	0	8	1	3	11	
28.92	48.2	169	45	0	3	11	4	1	1	0	0	0	0	0	0	3	3	0	0	2	0	0	12	
28.939999999999998	40.05	0	0	0	57	0	0	0	0	0	0	0	0	0	0	0	0	0	0	0	0	0	1	
28.939999999999998	40.95	0	0	0	165	1	0	0	0	0	0	0	0	0	0	0	0	0	0	0	0	0	0	
28.939999999999998	48.1	4366	187	4	12	40	11	2	23	6	1	9	0	0	3	3	3	0	1	10	2	1	16	
28.939999999999998	48.15	5311	95	2	7	74	13	2	17	8	0	0	0	0	1	5	7	0	1	6	5	4	16	
28.96	40.05	0	0	0	75	0	0	0	0	0	0	0	0	0	0	0	0	0	0	0	0	0	0	
28.96	40.95	0	0	0	202	2	0	0	0	0	0	0	0	0	0	0	0	0	0	0	0	0	0	
28.96	48.1	1823	64	1	2	21	9	1	15	0	0	0	0	0	3	6	1	3	1	9	1	0	8	
28.96	48.15	3561	101	4	1	39	19	0	10	3	0	0	0	0	2	1	3	9	0	9	1	2	44	
28.98	40.05	0	0	0	136	0	0	0	0	0	0	0	0	0	0	0	0	0	0	0	0	0	0	
28.98	48.1	397	30	0	1	5	3	2	2	66	0	0	0	0	0	0	0	1	0	0	0	0	3	
28.98	48.15	229	45	2	2	44	4	0	0	0	0	0	0	0	1	3	7	1	0	5	0	0	5	
29.0	40.1	0	0	0	63	0	0	0	0	0	0	0	0	0	0	0	0	0	0	0	0	0	0	
29.0	48.05	225	25	0	0	22	0	0	5	1	0	0	0	0	0	1	1	2	0	1	0	0	2	
29.0	48.1	386	44	0	0	5	1	3	5	0	0	0	0	6	0	2	1	0	0	1	0	1	4	
29.02	40.1	2	0	0	128	0	0	0	0	0	0	0	0	0	0	0	0	0	0	0	0	0	0	
29.02	48.1	361	133	1	0	12	8	0	9	0	0	0	0	35	1	1	5	0	0	1	0	0	5	
29.04	40.15	0	0	0	69	0	0	0	0	0	0	0	0	0	0	0	0	0	0	0	0	0	0	
29.04	48.1	579	41	0	0	8	2	1	5	0	0	0	0	0	0	1	0	1	0	3	0	0	1	
29.060000000000002	48.05	2264	219	6	10	23	8	1	18	2	0	0	0	0	1	3	5	2	0	8	0	3	17	
29.060000000000002	48.1	2120	168	5	7	31	30	1	22	4	0	1	1	0	3	5	7	1	1	13	2	3	21	
29.08	47.7	1475	136	7	7	40	25	2	25	4	0	0	0	0	1	4	2	11	0	6	1	4	12	
29.08	47.75	1539	109	4	33	26	10	2	24	3	3	0	0	0	1	3	0	4	0	8	0	1	4	
29.08	48.05	4403	433	7	20	136	38	7	53	18	7	0	0	0	4	14	5	7	0	23	1	5	90	
29.08	48.1	16422	1566	24	46	200	113	31	98	30	5	0	0	1	28	42	52	28	0	76	14	41	153	
29.1	47.7	841	104	2	7	16	10	2	9	3	0	0	0	0	0	3	7	2	0	7	3	1	14	
29.1	47.75	825	57	0	5	24	18	3	14	1	0	0	0	0	0	0	4	2	0	14	2	0	17	
29.1	48.05	2873	162	6	5	41	16	2	39	4	2	0	0	0	2	7	5	5	1	14	3	1	17	
29.1	48.1	23243	1875	46	38	239	220	29	174	78	5	0	0	0	44	61	44	53	2	88	18	19	184	
29.12	47.75	173	31	0	4	14	2	4	2	1	0	0	0	0	0	0	0	0	0	4	0	1	3	
29.12	47.8	569	100	1	1	11	7	1	9	0	0	0	0	0	0	0	3	0	0	6	0	0	11	
29.12	48.05	4829	236	2	13	87	18	1	35	9	0	0	0	0	5	11	11	9	0	20	3	3	37	
29.12	48.1	16230	1402	43	68	414	142	30	104	11	14	0	0	2	26	76	53	31	2	187	27	28	226	
29.14	47.8	475	74	4	1	14	12	1	4	3	0	0	0	0	1	3	0	0	0	7	3	0	3	
29.14	48.05	8970	858	29	39	165	77	12	81	10	1	0	0	0	16	44	31	7	0	102	11	14	125	
29.14	48.1	14564	1767	58	47	351	234	28	115	20	1	0	0	0	32	48	55	38	1	89	21	14	228	
29.16	48.05	18621	1778	49	40	245	102	35	148	50	9	0	0	0	35	41	119	42	0	122	30	21	226	
29.16	48.1	14121	2368	56	68	365	173	43	140	14	0	0	0	0	50	98	81	21	0	208	26	54	215	
29.18	48.0	1402	103	2	1	37	5	3	42	6	0	0	0	0	1	3	0	0	0	3	3	1	11	
29.18	48.05	36103	3277	101	163	457	278	62	359	116	15	2	0	0	58	136	114	94	4	270	36	59	402	
29.18	48.1	1905	384	8	16	77	51	4	26	10	0	0	0	0	4	7	5	5	0	20	4	1	27	
29.200000000000003	48.0	933	121	2	20	25	7	2	11	12	0	0	0	0	0	1	4	26	0	5	0	1	7	
29.200000000000003	48.05	32876	2683	81	97	467	182	44	264	62	3	0	0	3	35	80	57	30	4	187	31	40	257	
29.200000000000003	48.1	763	1250	3	18	149	12	18	38	7	0	0	0	0	3	2	9	15	0	13	3	9	69	
29.22	47.85	3523	343	16	11	45	23	7	32	7	0	0	0	0	7	11	13	5	0	19	3	5	43	
29.22	47.9	9170	1031	21	43	208	65	16	58	21	5	0	0	0	23	48	30	13	0	74	6	13	140	
29.22	47.95	1835	455	7	33	35	45	3	74	24	0	0	0	0	6	7	25	1	2	14	2	6	37	
29.22	48.0	606	83	0	0	11	7	1	8	3	0	0	7	0	1	0	0	0	1	0	0	0	4	
29.22	48.05	28331	3079	78	120	490	195	58	255	72	0	0	0	0	40	121	110	52	5	264	25	87	335	
29.240000000000002	47.8	1431	61	3	1	7	6	5	6	3	0	0	0	0	1	0	1	3	0	1	0	1	7	
29.240000000000002	47.85	11497	894	27	49	209	67	21	63	13	0	0	0	0	13	52	54	15	0	95	17	31	130	
29.240000000000002	47.9	17629	2598	37	85	281	133	25	106	26	0	0	0	21	19	60	76	36	1	121	15	61	216	
29.240000000000002	47.95	3384	935	13	28	107	1258	7	784	43	0	1	0	2	8	13	18	18	0	26	2	7	51	
29.240000000000002	48.0	4809	480	16	26	92	32	3	31	13	0	0	0	2	8	9	13	9	6	19	4	2	44	
29.240000000000002	48.05	26031	2970	81	108	505	236	48	217	59	20	1	0	0	42	103	103	65	4	206	28	27	304	
29.259999999999998	47.8	4620	94	1	1	18	6	0	16	12	0	0	0	0	4	2	4	3	0	6	0	1	9	
29.259999999999998	47.85	15274	781	23	36	131	44	18	182	17	12	0	0	0	19	33	30	19	4	54	11	22	137	
29.259999999999998	47.9	12333	1134	42	26	177	95	29	152	34	0	0	1	4	22	52	46	22	0	80	19	10	133	
29.259999999999998	47.95	20146	7561	81	151	987	500	68	204	74	1	1	1	0	43	185	179	99	9	245	37	96	526	
29.259999999999998	48.0	23169	4604	154	199	741	461	86	214	73	2	1	1	0	81	217	158	87	3	330	59	74	729	
29.259999999999998	48.05	21532	5425	82	86	639	315	51	417	67	1	1	0	0	43	133	92	58	6	188	29	60	357	
29.28	47.7	1076	49	0	1	10	0	3	2	0	0	0	0	0	3	1	0	2	0	3	0	1	3	
29.28	47.75	627	45	1	0	1	3	2	7	0	1	0	0	0	0	0	0	0	0	5	0	0	1	
29.28	47.8	11074	358	76	10	40	21	5	40	14	1	0	3	0	17	5	9	8	1	28	3	5	61	
29.28	47.85	28742	2262	46	59	244	171	40	138	53	1	0	1	0	46	109	65	36	4	113	23	79	202	
29.28	47.9	14841	1161	36	40	163	105	25	87	22	2	0	0	2	11	51	29	61	0	68	10	19	116	
29.28	47.95	21897	2630	57	104	373	315	78	152	37	4	0	0	0	45	109	117	51	0	180	19	43	309	
29.28	48.0	38099	7969	219	259	1159	654	129	337	62	1	0	0	0	125	502	323	140	3	611	85	87	866	
29.28	48.05	47197	7994	217	232	943	718	112	498	52	1	0	0	0	102	321	222	93	3	506	75	75	806	
29.3	47.65	5812	193	2	5	9	4	3	35	5	7	0	0	0	4	3	6	2	0	9	1	9	17	
29.3	47.7	18702	1836	49	253	376	141	38	93	19	3	0	4	0	41	103	76	67	1	160	30	25	173	
29.3	47.75	11619	866	35	45	213	78	17	87	21	1	0	0	0	23	74	39	19	0	83	15	15	141	
29.3	47.8	10984	643	24	25	154	54	6	59	18	2	0	0	0	9	32	13	7	0	61	12	13	114	
29.3	47.85	30341	2530	103	107	470	207	60	183	60	5	0	0	0	44	144	132	170	2	248	33	36	373	
29.3	47.9	13311	9273	72	100	391	287	123	490	56	5	0	0	0	35	45	96	66	4	113	15	37	325	
29.3	47.95	24512	6411	125	180	872	477	76	341	107	6	0	0	0	67	204	187	87	6	295	61	71	585	
29.3	48.0	39600	9083	193	271	1008	597	132	437	77	3	1	0	0	104	269	287	174	11	393	67	90	823	
29.3	48.05	37337	8023	173	481	890	672	121	424	107	2	2	0	0	104	360	165	89	7	389	43	61	665	
29.32	47.6	1150	81	0	0	2	0	0	3	2	0	0	0	0	0	0	0	0	0	0	0	0	0	
29.32	47.65	23433	1372	8	6	105	32	7	94	26	8	0	0	1	6	3	11	7	0	33	4	8	71	
29.32	47.7	5293	133	3	10	15	7	2	36	15	1	0	0	0	4	2	2	2	2	11	1	7	21	
29.32	47.75	4367	587	12	8	38	37	3	56	13	0	0	0	0	3	7	9	4	0	24	5	3	39	
29.32	47.85	743	84	1	1	7	6	1	8	1	0	0	0	0	3	0	0	2	0	2	0	0	4	
29.32	47.9	4887	906	10	10	206	59	8	132	32	0	0	0	0	3	11	21	16	1	34	3	4	48	
29.32	47.95	27068	7150	163	243	1325	747	88	361	97	3	0	1	0	65	247	224	186	7	346	50	114	665	
29.32	48.0	42004	14220	292	353	1648	1029	213	437	87	2	1	0	0	171	422	336	158	8	689	131	150	1136	
29.32	48.05	24595	11920	157	251	994	758	132	1235	43	4	7	0	0	101	204	193	85	15	466	81	75	776	
29.34	47.5	59	157	0	0	0	1	0	1	0	0	0	0	0	0	0	0	2	0	0	0	0	2	
29.34	47.65	17979	724	27	43	100	63	11	74	13	18	0	1	0	7	30	24	13	2	45	18	10	83	
29.34	47.9	4055	1323	13	14	91	60	5	76	20	0	0	0	0	4	14	15	12	3	24	7	6	87	
29.34	47.95	20527	5194	95	124	796	359	51	322	99	37	2	0	0	80	166	170	88	0	201	25	66	624	
29.34	48.0	22151	5525	134	187	617	525	81	302	72	0	3	0	0	52	195	141	79	6	217	44	47	436	
29.34	48.05	6753	3567	60	61	262	439	36	183	32	1	0	0	0	22	38	54	55	3	74	16	73	213	
29.36	47.95	22758	8020	94	141	936	545	92	513	143	1	9	0	0	38	102	129	164	68	178	40	92	510	
29.36	48.0	6569	1572	39	37	224	231	17	109	24	1	27	0	0	23	27	37	39	2	55	14	20	96	
29.380000000000003	47.95	5434	1445	17	9	177	94	9	182	36	0	0	0	0	32	30	40	16	0	28	4	8	68	
29.380000000000003	48.0	342	290	0	1	16	14	5	35	14	0	0	0	0	0	1	0	2	0	5	1	1	8	
29.42	47.7	336	47	0	2	7	9	0	2	2	0	0	0	0	0	0	1	0	0	3	4	0	3	
29.439999999999998	47.75	699	26	0	0	9	2	1	8	0	1	0	0	0	0	1	0	0	0	1	0	0	2	
29.62	43.5	10241	83	3	0	8	0	0	35	13	2	0	0	0	2	0	2	2	0	2	0	4	16	
29.68	47.4	5	322	4	0	3	1	0	0	0	0	0	0	0	1	1	2	0	0	5	4	1	3	
29.8	39.85	4175	36	1	1	2	6	2	18	6	0	0	0	0	0	0	0	5	0	2	0	0	5	
29.880000000000003	40.2	4397	22	3	0	8	3	0	9	4	0	0	0	0	0	0	0	1	0	3	0	1	0	
29.9	40.15	1703	162	3	0	4	3	1	36	1	0	0	0	0	5	2	4	7	0	1	1	1	23	
29.939999999999998	40.15	2502	32	1	0	11	3	0	15	4	1	0	0	0	1	1	2	2	0	2	1	0	2	
29.939999999999998	40.2	5610	22	0	1	36	4	0	14	4	0	0	0	0	1	3	1	1	0	0	0	1	13	
29.96	40.15	3337	34	1	12	3	1	0	4	14	0	0	0	0	2	0	2	0	2	0	0	0	6	
29.98	40.15	1437	15	3	0	2	4	0	96	17	1	0	0	0	0	0	0	0	0	0	0	0	1	
29.98	40.2	8081	55	1	0	3	0	0	11	23	5	0	0	0	1	0	1	1	0	0	0	0	2	
30.02	47.7	318	100	0	1	7	4	0	0	0	0	0	0	0	1	1	3	1	0	0	0	0	6	
30.02	47.75	331	20	2	2	9	1	1	3	1	0	0	0	0	1	2	0	1	1	3	0	0	5	
30.04	47.7	367	45	2	3	6	4	2	2	1	0	0	0	0	2	4	0	1	0	3	0	0	3	
30.32	48.25	6	0	0	0	3	0	0	349	0	0	0	0	0	0	0	0	0	0	0	0	0	0	
30.32	48.3	25	2	0	0	0	1	0	319	0	0	0	0	0	0	0	0	0	0	0	0	0	3	
30.36	48.2	4	9	0	0	1	0	0	210	0	0	0	0	0	0	0	0	0	0	0	0	0	4	
30.380000000000003	47.65	635	515	3	0	3	5	1	1	0	0	0	0	0	0	1	0	0	0	0	0	0	2	
30.439999999999998	47.65	186	96	0	0	0	0	0	2	2	0	0	0	0	0	0	0	0	0	0	0	0	1	
30.5	47.8	1950	304	7	12	15	10	6	17	10	0	0	0	0	2	1	2	39	0	6	0	0	14	
30.52	47.85	191	256	5	0	4	2	0	41	0	0	0	0	0	0	0	0	55	0	3	0	13	14	
30.96	41.0	13618	534	3	1	24	29	3	28	14	0	0	0	0	0	5	4	1	3	8	0	2	10	
30.96	41.05	3125	36	0	0	1	0	1	5	8	1	0	0	0	0	0	0	1	1	2	0	0	3	
30.98	41.0	18171	107	6	0	11	2	0	36	17	0	0	0	0	5	2	5	46	7	5	0	2	5	
30.98	41.05	7508	39	0	1	5	0	0	15	4	0	0	0	0	0	0	0	0	3	4	1	1	2	
31.3	37.3	2931	6	0	48	1	1	0	15	8	0	0	0	0	0	2	1	1	1	1	0	0	2	
31.32	37.3	5028	123	41	7	136	7	4	12	19	0	0	0	2	7	1	2	2	3	11	0	0	15	
31.32	37.35	4821	70	6	0	9	2	1	24	15	43	0	0	0	1	0	2	1	1	1	0	0	22	
31.34	37.3	3232	5	1	0	19	5	0	9	3	0	0	0	0	0	0	1	0	1	0	0	7	0	
31.66	38.65	7566	58	0	0	12	2	0	9	8	0	0	0	0	5	0	0	0	0	2	1	1	6	
31.98	44.3	1134	62	1	1	8	2	0	15	2	0	0	0	0	1	6	0	1	0	0	0	0	10	
