18.0	42.4	17	0	0	0	0	0	0	0	0	0	0	0	0	0	0	0	1	0	0	0	0	0	
18.05	42.7	102	6	0	1	1	0	0	7	4	0	0	0	0	0	0	0	0	1	1	0	0	2	
18.15	42.8	522	22	1	0	9	1	1	22	15	0	0	0	0	1	0	0	3	2	1	0	0	4	
18.2	42.4	691	43	3	8	12	7	4	26	12	0	0	0	0	2	1	5	5	0	6	1	1	10	
18.2	42.5	1836	135	3	5	35	13	4	72	35	1	0	1	0	1	4	8	10	2	18	2	9	17	
18.2	42.6	320	18	1	0	5	1	0	6	5	0	0	0	0	1	0	1	10	0	0	0	1	1	
18.2	42.7	502	22	2	1	7	3	1	6	11	2	0	0	0	2	0	2	1	1	2	1	2	6	
18.2	42.8	535	23	0	1	7	1	0	19	12	0	0	0	0	4	1	2	0	0	1	0	0	2	
18.25	42.6	445	17	3	0	6	6	0	11	14	0	0	0	0	0	0	2	2	2	1	0	2	4	
18.25	42.7	1362	80	5	3	31	11	6	46	29	1	0	0	0	7	2	9	9	5	7	2	3	20	
18.3	42.6	458	23	2	1	7	0	1	13	10	1	0	0	0	1	2	4	1	1	1	0	1	4	
18.3	42.7	1483	63	4	4	25	7	2	47	28	0	0	0	0	3	1	4	3	2	9	3	3	15	
18.35	42.5	25	4	2	0	1	0	0	1	1	0	0	0	0	1	0	0	1	0	1	0	0	1	
18.35	42.8	110	7	1	1	2	1	0	3	2	0	0	0	0	1	0	0	0	1	0	0	0	4	
18.5	42.0	538	19	4	1	5	2	0	19	6	1	0	0	0	2	0	3	4	0	0	1	1	6	
18.5	43.3	21	3	0	0	1	2	0	2	0	0	0	0	0	0	1	1	0	0	1	0	1	1	
18.55	42.0	208	3	0	1	2	1	1	4	5	1	0	0	0	1	0	1	1	0	0	0	1	3	
19.15	42.1	62	5	1	0	3	0	1	3	3	0	0	0	0	0	0	0	1	1	0	0	0	3	
19.75	41.4	232	5	1	3	4	1	0	7	8	0	0	0	0	1	1	2	2	1	0	0	1	2	
19.8	41.4	99	7	0	0	2	1	0	5	4	0	0	0	0	0	0	0	0	2	0	0	0	2	
19.85	41.5	223	17	1	0	3	0	1	4	4	1	0	0	0	1	0	2	2	1	1	0	1	2	
19.9	41.5	83	4	0	1	2	1	0	8	3	0	0	0	0	0	0	0	0	1	0	0	0	1	
19.95	41.3	43	5	1	0	1	0	0	3	1	0	0	0	0	1	0	0	1	0	0	0	1	1	
19.95	42.3	21	0	1	0	0	0	0	1	1	0	0	0	0	0	0	0	0	0	0	0	0	1	
20.0	41.4	540	34	1	1	13	6	0	19	10	1	0	0	0	1	0	0	1	0	2	0	0	5	
20.0	42.5	163	11	0	0	5	2	0	7	5	0	0	0	1	1	0	1	0	1	0	0	0	2	
20.0	42.6	474	28	7	3	8	1	0	17	11	0	0	0	0	3	3	2	2	0	4	1	1	5	
20.05	41.4	226	19	1	1	5	2	0	11	6	0	0	0	0	1	1	0	1	0	2	0	0	3	
20.1	40.2	179	7	2	2	2	0	0	7	3	1	0	0	0	2	0	0	1	0	0	0	0	3	
20.1	41.2	64	3	1	1	2	1	0	3	3	0	0	0	0	0	0	1	0	0	0	0	1	1	
20.45	44.7	350	21	0	0	4	1	0	7	8	0	0	0	0	0	0	1	0	0	1	0	0	4	
20.45	45.5	197	11	0	0	4	2	0	8	2	1	0	0	0	0	0	0	2	1	0	0	0	2	
21.1	42.6	11	0	0	0	0	0	0	1	1	0	0	0	0	0	0	0	0	0	0	0	0	0	
21.2	40.4	815	49	4	3	17	5	3	30	15	1	0	0	0	1	1	2	4	2	5	0	1	10	
21.2	40.5	165	6	2	1	1	2	0	6	5	0	0	0	0	0	0	1	2	1	3	0	0	1	
21.25	40.3	715	63	5	4	13	7	1	27	15	2	0	0	0	2	1	2	3	5	3	2	2	12	
21.25	40.4	4113	300	24	14	96	45	15	164	116	7	0	0	0	16	7	14	18	15	25	1	11	67	
21.3	39.1	79	7	0	1	1	1	2	2	0	0	0	0	0	1	0	0	0	0	2	0	0	1	
21.3	39.2	192	15	2	2	7	4	1	3	5	1	0	0	0	2	1	2	1	0	2	1	2	5	
21.3	39.8	210	25	0	0	1	2	2	4	3	0	0	0	0	0	1	1	0	1	1	0	0	4	
21.3	39.9	358	60	5	7	16	4	6	15	22	0	0	0	0	3	4	4	2	0	8	3	3	14	
21.3	40.4	938	50	3	1	16	4	1	32	22	0	0	0	0	2	1	7	1	1	6	1	4	15	
21.35	39.1	125	10	1	0	2	1	1	3	2	1	0	0	0	0	0	2	1	0	2	0	0	2	
21.35	39.2	468	36	0	1	8	2	0	19	6	0	1	0	0	3	0	1	2	2	2	0	1	7	
21.35	39.4	465	60	1	2	7	2	1	9	5	1	0	0	0	1	0	0	5	0	3	2	1	5	
21.35	39.5	203	50	1	1	14	2	0	2	7	0	0	0	0	0	0	0	0	0	1	0	0	2	
21.35	39.6	261	49	0	2	36	3	1	1	5	0	0	0	0	0	0	1	0	0	0	0	0	4	
21.35	39.7	1557	247	11	12	79	21	10	64	37	5	0	0	0	11	9	8	10	5	9	4	6	47	
21.35	39.8	2830	404	21	27	142	56	10	133	67	1	0	0	0	8	12	15	15	5	17	8	8	66	
21.35	39.9	227	47	1	11	83	6	0	9	3	0	0	0	0	0	0	1	2	0	2	0	1	7	
21.35	40.2	303	36	4	3	29	7	4	12	10	0	0	0	0	0	1	0	4	0	2	0	1	6	
21.35	40.4	576	30	2	1	9	3	0	17	12	0	0	0	0	1	1	1	0	0	0	0	2	4	
21.4	39.1	274	23	1	1	6	4	0	7	5	0	0	0	0	0	0	2	0	0	4	0	0	0	
21.4	39.2	2322	252	9	5	58	35	12	84	52	2	1	1	0	9	1	12	14	4	11	4	8	43	
21.4	39.3	1559	157	9	7	35	18	4	55	36	0	0	0	0	2	4	8	12	3	5	0	4	20	
21.4	39.4	423	29	2	2	7	1	0	18	10	0	0	0	0	0	0	1	1	2	2	1	0	2	
21.4	39.5	184	17	3	1	4	3	0	4	9	1	0	0	0	1	1	0	1	1	0	0	0	2	
21.4	39.6	50	20	0	5	23	10	0	1	0	0	0	0	0	0	0	0	0	0	0	0	0	3	
21.4	39.7	2276	351	20	23	145	41	13	113	55	3	0	0	0	14	4	15	10	6	23	1	12	58	
21.4	39.8	6206	1219	58	360	1311	207	31	324	414	9	0	1	0	46	45	78	85	14	85	38	37	238	
21.4	40.4	1071	62	4	2	14	4	3	36	25	0	1	0	0	2	3	6	4	3	3	1	5	20	
21.4	40.5	394	24	1	2	3	1	0	7	11	1	0	0	0	0	0	2	1	0	3	0	1	5	
21.45	39.1	3116	489	28	28	252	62	10	156	76	2	0	0	0	20	10	11	37	3	25	8	10	69	
21.45	39.2	8217	1124	50	44	318	137	37	409	215	17	2	3	0	34	30	59	55	21	72	19	36	160	
21.45	39.3	1198	66	4	1	16	13	3	35	32	3	0	0	0	4	0	5	2	2	3	1	4	10	
21.45	39.7	639	61	3	8	16	10	3	13	22	2	0	0	0	4	3	3	0	3	4	0	4	14	
21.45	39.8	1579	124	13	29	75	13	4	59	44	4	0	0	0	3	6	7	9	8	11	3	5	28	
21.45	39.9	2288	151	9	8	53	13	5	79	62	3	0	0	0	9	7	10	4	2	14	4	7	40	
21.45	40.4	580	30	1	0	5	0	2	20	16	1	0	0	0	1	1	0	2	1	1	0	1	3	
21.45	40.5	393	29	0	1	9	1	0	28	7	0	0	0	0	1	2	1	3	1	2	0	3	7	
21.5	39.1	5165	2335	94	121	715	301	86	652	209	8	1	0	0	80	52	77	148	6	93	34	55	320	
21.5	39.2	4077	797	32	39	246	92	28	265	120	4	1	0	0	23	30	38	43	11	36	7	18	147	
21.5	39.7	546	42	1	2	16	1	3	15	15	0	0	0	0	1	2	5	0	0	1	0	0	7	
21.55	39.1	7881	4143	172	233	1237	523	163	1298	357	4	2	0	0	129	148	179	257	8	192	64	94	551	
21.55	39.2	4897	848	57	60	244	122	33	254	138	9	0	0	0	45	41	60	45	6	76	19	48	184	
21.55	39.7	570	45	4	1	11	5	2	21	11	1	0	0	0	2	1	3	1	3	1	2	2	8	
21.55	39.9	208	7	0	2	30	0	1	5	2	0	0	0	0	0	0	0	0	0	1	0	1	0	
21.6	39.1	6253	2562	105	149	643	557	78	564	198	3	0	0	0	87	91	112	109	15	144	34	60	358	
21.6	39.2	2189	345	18	25	93	32	11	113	69	4	0	0	0	15	20	17	22	5	32	11	15	55	
21.6	39.6	338	14	5	1	9	2	0	11	5	0	0	0	0	0	2	0	1	0	0	0	1	5	
21.6	39.7	210	12	0	1	6	0	0	4	0	0	0	0	0	2	0	1	1	0	0	1	1	0	
21.65	39.0	31	7	0	0	3	3	0	1	1	0	0	0	0	0	1	1	0	0	2	0	1	2	
21.65	39.1	2429	1401	52	80	551	174	33	346	890	1	0	0	0	31	45	34	59	4	64	13	23	139	
21.65	39.2	374	29	0	3	10	4	3	14	7	0	1	0	0	1	2	1	4	0	2	0	0	6	
21.7	39.0	125	96	2	2	14	2	0	18	2	0	0	0	0	0	0	0	5	0	5	0	1	8	
21.7	39.1	1053	390	31	20	187	34	6	108	44	1	0	0	1	9	17	23	17	1	13	4	12	45	
21.7	39.2	157	29	1	2	7	5	1	4	3	0	0	0	0	0	0	6	3	0	0	0	3	7	
21.75	39.0	184	94	3	2	20	9	4	7	3	0	0	0	0	4	1	4	4	0	2	2	0	12	
21.75	39.1	1331	439	20	27	111	52	14	115	44	2	0	0	0	11	16	13	37	3	31	6	8	62	
21.75	39.2	241	28	2	2	4	2	2	9	10	0	0	0	0	3	2	2	2	0	2	1	2	5	
21.8	39.1	340	58	3	6	14	6	4	14	3	0	0	0	0	3	3	8	2	0	5	0	3	11	
21.85	39.0	57	36	2	0	2	1	0	2	2	0	0	0	0	6	0	1	1	0	0	0	0	1	
21.9	38.9	186	54	2	2	14	181	2	8	49	0	0	0	0	1	3	4	4	0	6	0	2	7	
21.9	39.1	248	26	2	1	29	34	0	12	14	0	0	0	0	0	0	0	1	0	2	0	0	2	
21.9	42.0	239	12	0	1	2	1	1	8	5	0	0	0	0	0	1	3	0	1	1	0	0	2	
22.1	39.3	178	14	1	0	2	1	1	4	4	0	0	0	0	1	1	0	1	0	0	0	0	1	
22.25	39.1	191	21	1	1	8	9	1	8	4	1	0	0	0	1	1	1	1	1	1	1	3	4	
22.25	39.7	69	3	1	0	3	0	0	1	3	0	0	0	0	0	0	0	0	0	1	0	0	1	
22.25	46.7	266	16	0	1	4	1	0	12	7	0	0	0	0	1	0	1	1	1	0	0	1	2	
22.3	39.0	16	20	1	1	2	3	0	0	1	0	0	0	0	0	0	1	4	0	1	0	0	2	
22.3	39.1	93	72	1	1	10	20	2	2	4	0	0	0	0	2	2	2	9	0	3	0	2	17	
22.3	39.3	37	2	1	0	1	0	1	2	1	0	0	0	0	1	0	0	1	0	1	0	0	1	
22.4	39.3	53	13	0	0	21	1	0	1	1	0	0	0	0	0	0	0	3	0	0	0	0	1	
22.4	41.7	93	7	0	0	2	1	0	5	1	0	0	0	0	1	1	1	1	0	0	0	1	0	
22.5	52.3	0	1	0	0	2	1	0	0	0	0	0	0	0	0	0	0	0	0	0	0	0	1	
22.75	39.0	254	31	4	2	4	2	0	8	5	0	0	0	0	1	1	2	1	0	2	0	0	3	
22.8	39.0	209	15	0	1	3	0	0	7	4	0	0	0	0	0	0	1	1	0	0	0	1	2	
22.95	53.7	24	18	0	0	5	0	0	3	0	0	0	0	0	0	0	3	1	0	0	0	1	5	
23.45	46.8	254	15	0	1	9	0	0	10	3	0	0	0	0	1	1	1	0	1	0	0	0	2	
23.55	45.4	17	1	0	0	0	0	0	0	0	0	0	0	0	0	0	0	0	0	0	0	0	0	
23.65	53.6	43	13	0	1	2	3	1	1	0	0	0	0	0	1	1	1	1	0	1	0	1	2	
23.65	53.7	54	17	1	0	3	4	1	2	0	0	0	0	0	0	1	1	1	0	1	0	1	1	
23.75	38.7	194	12	0	0	3	0	1	5	4	1	0	0	0	0	0	2	0	0	3	0	2	4	
23.75	44.7	101	4	0	0	2	2	0	5	0	0	0	0	0	0	0	2	1	0	1	1	0	1	
23.8	52.8	25	7	1	1	3	0	1	1	1	0	0	0	0	0	0	0	2	0	1	2	3	3	
23.85	42.9	256	11	2	0	2	1	4	12	3	1	0	0	0	0	0	2	2	1	0	0	1	4	
23.9	42.9	332	20	2	0	5	1	0	14	11	2	0	0	0	5	0	1	2	1	4	0	1	4	
23.9	53.7	2	3	0	0	0	1	0	0	0	0	0	0	0	0	0	0	0	0	0	0	0	0	
23.95	38.1	121	24	0	7	0	0	1	6	2	1	0	0	0	0	0	0	0	0	3	0	1	5	
23.95	38.2	242	44	1	2	7	6	1	11	6	0	0	0	0	4	1	3	1	0	2	0	2	6	
23.95	47.1	332	24	1	0	4	4	0	13	9	0	0	0	0	2	0	1	1	0	1	0	0	6	
24.0	38.1	433	81	4	4	24	14	2	40	13	1	0	0	0	4	0	1	1	0	4	1	4	13	
24.0	38.2	419	97	9	5	18	10	6	26	11	0	0	0	0	3	1	6	6	1	6	0	1	15	
24.0	47.1	213	14	0	0	5	0	2	7	1	1	0	0	0	0	1	2	4	0	1	0	1	5	
24.0	54.0	0	2	0	0	0	0	1	0	0	0	0	0	0	1	0	0	1	0	0	0	0	0	
24.05	38.0	950	81	5	8	31	15	4	32	23	0	0	0	0	4	4	4	4	1	5	3	4	17	
24.05	38.1	195	22	0	1	7	4	0	6	4	1	1	0	0	2	1	2	0	0	1	0	0	6	
24.05	45.2	167	11	0	0	2	1	0	2	4	0	0	0	0	0	0	1	0	0	1	0	0	0	
24.05	52.6	54	50	6	3	20	14	4	6	2	2	0	0	0	3	2	3	1	1	5	1	2	12	
24.05	53.400000000000006	75	16	1	1	4	1	1	5	1	0	0	0	0	1	0	0	0	0	3	0	1	1	
24.1	38.0	702	40	5	2	7	3	1	16	17	0	0	0	0	2	1	4	3	2	1	2	0	5	
24.1	47.2	839	59	6	2	16	12	2	37	23	0	0	0	0	2	2	3	2	1	7	3	2	11	
24.1	47.3	887	47	4	0	19	5	1	34	22	1	0	0	0	1	5	2	4	1	3	1	0	14	
24.1	53.400000000000006	8	5	1	0	0	1	0	1	2	0	0	0	0	1	0	1	0	1	0	0	0	2	
24.15	47.2	405	26	1	0	10	1	0	13	9	0	0	0	0	0	1	4	4	1	2	2	1	7	
24.15	47.3	1565	118	9	6	36	18	9	63	34	5	0	0	0	5	7	9	11	6	9	3	9	31	
24.25	48.9	0	1	0	0	0	1	0	0	0	0	0	0	0	0	0	0	0	0	0	0	0	0	
24.35	39.5	297	18	0	0	8	0	2	7	8	0	0	0	0	0	1	3	1	0	2	0	1	5	
24.4	39.4	347	15	2	0	6	0	0	9	13	0	0	0	0	0	0	0	0	0	1	1	0	2	
24.4	39.5	1652	132	7	17	81	15	5	56	38	1	0	0	1	6	3	9	8	4	7	1	5	29	
24.4	39.6	1661	247	13	33	182	27	9	101	49	2	0	0	0	5	9	7	11	2	11	1	16	37	
24.4	47.0	70	3	0	0	1	2	1	0	1	0	0	0	0	0	1	0	1	0	0	0	1	1	
24.45	39.5	3031	440	34	30	183	54	15	160	87	7	0	0	0	10	10	17	19	5	21	4	10	91	
24.45	39.6	5057	1119	44	311	1098	296	32	246	311	7	1	0	0	33	38	63	62	13	68	24	29	246	
24.45	39.7	233	9	2	3	0	0	0	8	6	1	0	0	0	3	0	3	1	0	3	0	0	2	
24.45	44.3	191	12	1	0	0	2	0	5	3	1	0	0	0	0	0	1	0	0	2	0	0	2	
24.45	46.2	369	38	3	5	20	2	3	18	8	1	0	0	0	3	4	3	7	1	6	3	2	9	
24.45	46.5	155	21	1	0	6	1	0	8	6	0	0	0	0	0	0	2	2	0	0	0	1	3	
24.45	46.6	347	16	3	1	7	0	0	7	9	0	0	0	0	1	0	2	0	0	0	1	0	4	
24.45	52.3	21	7	2	1	1	1	2	2	0	0	0	0	0	0	2	2	1	1	2	0	1	2	
24.5	39.5	733	62	6	6	26	7	2	23	20	1	0	0	0	4	4	2	5	3	6	3	0	8	
24.5	39.6	1080	174	4	29	119	18	3	104	64	0	0	0	0	12	5	5	6	4	3	1	12	19	
24.5	39.7	306	35	1	5	10	2	0	23	18	0	0	0	0	1	0	1	1	0	0	0	2	10	
24.5	44.3	333	22	1	2	3	3	2	11	7	0	0	0	0	2	1	0	2	1	3	1	1	4	
24.5	44.4	497	40	4	2	7	0	2	22	14	0	0	0	0	2	0	2	0	3	3	0	1	8	
24.5	46.6	1895	108	8	10	31	15	7	68	30	3	0	0	0	4	5	8	7	4	11	7	7	25	
24.5	46.7	859	55	5	12	23	8	3	23	20	0	0	0	0	2	3	3	4	0	3	1	2	10	
24.5	46.8	111	14	0	1	6	7	0	1	2	0	1	0	0	0	2	3	0	0	0	0	0	6	
24.5	46.9	103	18	1	2	4	5	1	2	0	0	0	0	1	0	1	1	2	0	1	0	1	2	
24.55	39.5	49	6	0	1	1	0	0	1	1	0	0	0	0	1	0	1	0	2	1	0	0	1	
24.55	39.6	152	13	2	3	4	2	1	4	4	1	0	0	0	0	0	0	2	0	0	0	0	4	
24.55	46.5	3260	224	26	9	72	25	7	122	80	4	0	0	1	15	5	21	16	6	19	5	4	43	
24.55	46.6	6557	685	51	57	173	84	38	393	123	16	0	0	0	45	38	63	39	12	63	13	31	148	
24.55	46.7	4333	283	22	18	86	37	15	171	88	2	1	0	0	7	9	25	15	6	17	5	7	61	
24.55	46.8	1122	113	10	4	35	12	7	39	29	3	0	0	0	4	4	9	4	6	7	0	1	20	
24.55	46.9	99	16	0	0	1	1	0	5	1	1	0	0	0	1	0	3	0	0	1	0	0	2	
24.6	46.1	87	13	0	0	1	0	0	2	4	0	0	0	0	1	0	1	3	1	1	0	0	1	
24.6	46.5	1942	123	4	4	34	28	5	55	36	1	0	0	0	4	4	5	4	4	8	0	5	23	
24.6	46.6	3582	462	31	41	132	74	22	176	68	2	0	0	0	18	24	36	22	5	30	9	16	91	
24.6	46.7	4634	458	41	44	154	91	20	168	84	2	0	3	0	14	24	52	27	6	41	7	18	92	
24.6	46.8	369	16	0	1	6	1	0	10	6	0	0	0	0	0	0	2	2	0	2	1	1	2	
24.65	46.5	583	57	2	4	21	7	2	19	10	1	0	0	0	1	2	2	1	0	3	2	1	13	
24.65	46.6	6648	3047	87	91	1676	1116	132	1164	352	7	0	2	0	156	65	340	108	12	86	23	85	341	
24.65	46.7	7045	1468	76	93	490	490	73	530	164	10	0	0	0	86	86	165	68	11	87	27	36	255	
24.65	46.8	2921	294	20	16	86	48	23	127	60	3	0	0	1	17	22	25	21	5	25	8	18	80	
24.7	46.5	790	149	7	9	35	19	4	35	13	0	0	0	0	5	4	7	7	0	7	1	4	25	
24.7	46.6	7907	3448	116	191	1470	1672	133	1493	435	6	0	0	0	149	105	501	153	8	124	36	54	432	
24.7	46.7	5913	1772	85	93	499	366	124	524	143	3	0	1	0	56	68	212	58	7	85	30	44	260	
24.7	46.8	5402	485	31	20	139	63	16	229	92	6	1	0	0	15	18	35	27	9	38	8	10	104	
24.7	50.7	163	25	1	2	12	4	0	1	0	0	0	0	0	0	1	0	1	0	3	0	0	3	
24.75	46.5	620	73	3	6	38	13	3	24	11	0	0	0	0	1	7	2	1	1	4	0	7	9	
24.75	46.6	6056	1812	79	117	507	494	65	617	184	4	2	0	0	63	86	199	79	11	121	33	53	276	
24.75	46.7	7743	1740	102	114	561	450	93	704	182	7	0	1	1	86	89	179	102	12	143	42	51	301	
24.75	46.8	4666	499	26	20	104	77	22	304	127	7	1	0	0	30	19	34	35	9	39	7	13	96	
24.75	46.9	181	10	1	1	3	3	0	6	7	0	1	0	1	1	2	2	1	1	1	0	1	3	
24.8	46.5	185	26	1	0	10	9	0	8	5	1	0	0	0	2	1	0	0	0	1	1	1	2	
24.8	46.6	2643	519	35	41	179	142	26	219	56	4	1	0	1	12	24	60	25	3	35	6	7	96	
24.8	46.7	4357	614	32	40	182	82	20	276	97	2	0	2	0	20	33	50	28	7	41	12	21	103	
24.8	46.8	3274	192	14	8	66	34	4	120	69	8	0	0	0	6	4	12	9	9	10	1	7	38	
24.85	46.4	30	2	0	0	1	1	0	0	1	0	0	0	0	0	0	0	1	0	0	0	0	0	
24.85	46.5	355	52	1	1	20	6	2	9	7	0	0	0	0	4	0	2	0	1	0	1	0	4	
24.85	46.6	283	29	4	2	7	3	1	11	6	1	0	0	0	2	1	2	1	0	4	3	1	6	
24.85	46.7	682	176	4	1	102	5	5	67	19	2	0	0	0	2	2	8	5	0	4	0	4	11	
24.85	46.8	501	27	1	3	7	8	0	13	10	0	0	0	0	0	3	1	1	1	1	0	1	5	
24.85	51.5	62	38	0	0	1	1	1	1	1	0	0	0	0	1	0	4	5	0	1	0	2	2	
24.9	46.3	234	17	1	0	6	2	0	14	8	0	0	0	0	0	3	4	0	1	3	1	0	6	
24.9	46.6	109	19	2	2	4	1	2	2	8	0	0	0	0	1	4	1	0	0	3	1	1	8	
24.9	46.7	308	53	0	0	18	10	0	8	24	0	0	0	0	3	1	2	1	0	0	0	2	3	
24.9	46.9	162	33	1	0	1	10	0	0	2	0	0	0	0	0	0	3	2	0	1	0	1	1	
24.9	49.2	0	1	1	0	0	0	0	0	0	0	0	0	1	0	0	0	0	0	0	0	0	0	
24.95	46.5	96	15	2	0	9	7	1	4	4	0	0	0	0	0	1	5	0	0	2	1	0	3	
24.95	46.6	120	26	0	0	4	13	0	9	17	0	0	0	0	0	2	0	1	0	0	0	0	3	
24.95	46.7	1194	328	6	6	509	408	4	276	388	0	0	0	0	4	3	16	94	1	1	1	1	27	
24.95	51.5	32	35	0	2	6	5	0	2	1	0	0	0	0	2	0	2	0	0	1	0	0	5	
25.0	45.0	0	3	0	0	0	1	0	0	0	0	0	0	0	0	0	0	1	0	0	0	0	2	
25.0	51.5	11	18	2	2	10	5	2	0	1	1	0	0	0	3	3	5	4	1	3	1	1	7	
25.05	45.4	85	10	0	0	3	2	1	2	4	0	0	0	0	0	0	3	3	0	1	1	0	1	
25.05	46.6	127	11	0	0	2	79	0	3	1	0	0	0	0	0	0	1	1	0	0	0	0	0	
25.05	46.7	107	5	0	1	48	3	0	2	8	0	0	0	0	0	0	0	0	0	0	0	0	1	
25.1	46.6	192	25	0	2	1	2	0	6	5	0	0	0	0	6	1	2	1	0	0	0	0	4	
25.1	51.3	12	23	0	1	2	1	0	0	1	0	0	0	0	0	0	1	2	0	2	0	0	7	
25.1	51.5	55	28	1	0	8	4	0	3	1	0	0	0	0	1	0	1	3	0	4	1	0	6	
25.1	51.6	35	22	0	1	5	5	0	3	1	0	0	0	0	0	0	2	1	0	0	0	0	2	
25.15	51.3	131	13	1	3	7	4	3	1	2	1	0	0	0	2	0	4	0	0	0	0	2	3	
25.15	51.4	64	98	7	5	16	17	2	3	3	1	2	0	0	1	3	8	7	0	2	1	3	21	
25.15	51.5	269	165	11	9	39	33	8	18	9	0	1	0	0	2	9	9	4	0	12	5	3	31	
25.15	51.6	167	68	2	2	15	7	2	14	5	0	0	0	0	2	5	3	5	0	2	0	3	6	
25.2	44.1	2	0	0	0	0	0	0	1	0	0	0	0	0	0	0	0	0	0	0	0	0	1	
25.2	45.2	325	26	0	0	8	2	1	9	6	0	0	1	0	1	1	1	0	0	0	0	1	7	
25.2	51.3	142	26	2	3	11	5	4	7	5	1	0	0	0	3	1	1	2	0	4	2	2	5	
25.2	51.4	719	431	19	18	83	77	20	52	16	1	0	0	0	15	17	28	16	0	36	4	11	77	
25.2	51.5	417	348	19	17	62	59	11	26	13	0	0	0	0	9	15	19	13	0	28	3	10	59	
25.25	51.4	1451	1301	73	56	188	154	76	135	37	4	0	0	1	37	34	56	77	1	70	23	43	196	
25.25	51.5	1912	2396	137	80	514	617	96	256	156	12	2	0	5	86	49	124	118	35	110	30	82	356	
25.25	51.6	5	16	1	0	1	1	0	3	0	0	0	0	1	0	0	1	1	0	0	0	0	1	
25.3	49.5	1401	252	14	13	71	25	9	91	32	4	0	0	0	9	9	11	18	0	16	2	3	41	
25.3	49.6	438	56	2	1	12	7	2	39	18	2	0	0	0	2	4	7	3	0	7	1	2	17	
25.3	51.3	104	25	2	1	10	1	1	3	2	0	0	0	0	2	1	0	2	0	0	0	0	3	
25.3	51.4	1181	914	56	48	164	130	48	132	35	2	2	0	0	30	37	44	40	4	64	18	27	165	
25.3	51.5	928	1029	47	27	116	82	35	94	60	2	1	0	0	23	22	20	50	1	31	7	27	145	
25.35	47.2	199	26	2	1	16	2	2	13	5	0	0	0	0	2	0	0	0	0	0	0	0	5	
25.35	49.5	2197	359	24	27	138	44	17	188	78	4	1	0	0	15	16	20	46	2	19	9	15	76	
25.35	49.6	782	81	2	4	17	10	2	27	16	4	0	0	0	2	1	5	9	0	7	0	2	13	
25.35	49.7	309	31	3	2	10	7	1	10	8	0	0	0	0	1	2	2	2	1	1	0	0	5	
25.35	50.7	5	1	0	0	0	1	1	0	0	0	0	0	0	0	0	0	0	0	1	0	0	0	
25.35	51.2	113	17	1	0	5	6	0	1	4	0	0	0	0	0	0	3	1	0	2	0	2	4	
25.35	51.4	742	363	15	17	57	35	19	49	20	0	1	0	0	10	16	13	13	1	18	4	11	50	
25.35	51.5	746	991	44	22	158	79	39	110	22	2	0	0	0	29	11	30	49	0	29	9	25	151	
25.4	49.5	1753	266	13	12	87	48	11	117	34	1	0	0	0	9	15	12	27	4	14	5	9	69	
25.4	49.6	473	54	2	2	10	2	1	32	9	3	0	0	0	1	1	6	2	1	1	0	0	14	
25.4	49.7	104	9	2	0	2	1	0	7	1	0	0	0	0	1	1	1	1	0	1	0	0	1	
25.4	50.7	26	31	3	3	16	13	3	0	2	0	0	0	0	2	4	2	1	0	6	0	3	10	
25.4	51.4	222	61	5	3	13	9	4	15	10	0	0	0	0	2	1	3	4	0	8	0	4	21	
25.4	51.5	0	5	0	0	1	2	0	0	0	0	0	0	0	1	0	1	0	0	0	0	0	0	
25.45	49.5	489	34	0	0	9	0	1	13	9	1	0	0	0	1	0	3	0	1	0	0	0	4	
25.45	49.6	163	19	2	0	10	1	1	8	3	0	0	0	0	0	1	0	3	0	1	1	0	7	
25.45	51.3	89	19	2	2	2	4	3	5	2	0	0	0	0	1	0	1	0	0	5	0	1	8	
25.45	51.4	90	39	2	2	5	4	0	9	1	1	0	0	0	1	0	1	5	0	2	0	1	5	
25.5	44.1	39	1	0	0	1	0	0	2	0	0	0	0	0	0	0	0	1	1	0	0	0	0	
25.55	47.1	228	12	2	1	7	1	1	7	4	0	0	0	0	0	0	0	1	0	0	0	0	3	
25.55	51.4	63	25	1	2	3	3	1	6	2	0	0	0	0	0	0	0	1	0	2	0	1	2	
25.6	49.5	254	19	2	1	13	2	0	8	9	0	0	0	0	0	1	4	1	0	4	0	1	7	
25.65	39.2	134	8	0	0	2	0	1	9	7	1	0	0	0	1	0	0	1	2	1	0	0	1	
25.65	51.4	96	31	1	1	5	5	0	7	3	0	0	0	0	2	0	0	1	1	4	1	0	8	
25.65	51.5	92	59	2	1	16	5	2	3	0	0	0	0	0	2	1	1	3	0	3	0	1	11	
25.7	45.8	80	4	1	0	1	1	0	4	1	0	0	0	0	0	1	0	0	0	1	0	0	2	
25.7	51.5	51	44	5	2	22	7	5	4	2	0	0	0	0	4	3	5	3	0	2	1	4	11	
25.75	43.1	18	1	0	0	0	0	0	1	0	0	0	0	0	1	0	0	0	0	0	0	0	1	
25.8	44.2	156	10	1	0	1	2	2	9	3	0	0	0	0	2	0	2	2	0	1	0	0	2	
25.8	50.1	4	5	1	0	3	1	0	1	1	0	0	0	0	1	1	1	0	0	1	0	0	1	
25.8	50.6	13	26	1	1	4	0	0	1	0	0	0	0	0	0	0	1	2	0	1	0	1	2	
25.8	51.3	48	12	1	3	3	2	1	4	2	0	0	0	0	0	0	0	0	0	0	0	2	3	
25.85	43.4	807	72	5	3	20	6	2	29	14	0	0	0	0	3	3	1	1	2	2	0	4	16	
25.85	43.5	523	48	0	2	14	5	2	26	8	1	0	0	0	3	0	1	4	2	2	2	0	8	
25.85	45.3	211	12	2	0	4	2	0	5	8	0	0	0	0	0	0	0	0	0	1	0	0	3	
25.85	49.5	23	2	1	1	1	1	0	0	0	0	1	0	0	0	1	1	2	0	0	0	0	2	
25.9	45.3	723	49	1	2	19	5	1	19	18	1	0	0	0	3	2	2	3	1	3	2	4	9	
25.9	49.6	398	51	3	0	7	1	1	13	6	1	0	0	0	4	1	3	2	1	1	0	1	5	
25.9	50.6	5	5	1	1	1	2	1	0	0	0	0	0	0	0	0	0	0	0	2	0	0	1	
25.95	43.7	339	18	1	2	4	3	1	16	8	1	0	0	0	3	2	2	2	1	2	1	3	10	
25.95	50.5	154	35	1	2	7	2	1	4	1	0	0	0	0	0	2	0	2	0	4	0	2	5	
25.95	50.6	15	11	1	1	0	1	0	1	2	0	0	0	0	0	1	0	1	0	0	0	0	0	
26.0	43.7	135	8	2	1	2	0	0	9	5	0	0	0	0	1	0	1	1	0	1	0	0	0	
26.0	44.9	147	11	0	1	5	1	1	5	2	1	0	0	0	0	1	0	2	0	2	0	0	3	
26.0	50.4	59	22	2	0	4	5	1	5	1	0	0	0	0	0	2	2	0	0	3	1	0	5	
26.0	50.5	259	252	3	4	48	4	6	11	5	0	0	0	0	4	1	1	35	0	9	0	3	7	
26.05	42.6	50	2	0	0	2	0	0	3	1	0	0	0	0	1	0	0	0	0	1	0	0	1	
26.05	43.5	211	11	3	1	6	4	1	6	5	0	0	0	0	2	1	2	2	0	2	1	1	4	
26.05	43.6	147	11	1	1	5	1	1	5	4	0	0	0	0	1	1	0	0	0	1	0	0	2	
26.05	43.9	1117	110	7	3	27	6	2	50	28	1	0	0	0	2	2	3	9	0	5	2	2	12	
26.05	44.0	750	63	7	2	19	5	0	28	21	1	0	0	0	4	2	1	0	0	6	0	4	14	
26.05	50.0	14	28	0	0	9	1	0	3	0	0	0	0	0	0	1	0	5	0	0	0	0	0	
26.05	50.1	30	12	0	1	2	2	0	2	2	0	1	0	0	0	1	0	0	0	0	0	0	4	
26.05	50.4	96	53	3	4	22	7	0	8	3	0	1	0	0	0	1	1	8	0	3	0	1	7	
26.05	50.5	504	209	12	12	43	22	9	17	6	1	0	0	0	8	13	15	8	2	28	4	6	35	
26.05	50.6	39	21	1	1	4	2	0	2	0	0	0	0	0	1	2	1	1	0	3	0	2	2	
26.1	43.6	399	26	1	1	11	2	2	17	11	0	0	0	0	1	2	1	0	0	1	1	1	3	
26.1	43.9	435	35	3	3	5	5	1	12	7	0	0	0	0	1	1	2	2	0	1	0	2	8	
26.1	44.0	288	23	2	1	1	1	0	7	4	0	0	0	0	0	0	1	3	0	0	0	0	3	
26.1	50.0	90	142	1	1	51	3	20	18	0	0	0	0	0	2	1	0	3	0	4	0	3	4	
26.1	50.1	59	24	1	0	10	1	1	7	1	0	0	0	0	0	1	3	3	0	0	0	0	18	
26.1	50.4	289	104	5	5	15	12	1	13	3	0	0	0	0	5	1	7	1	0	10	1	3	19	
26.1	50.5	1514	734	61	52	204	124	51	92	45	2	2	1	0	42	65	58	63	3	107	18	37	177	
26.1	50.6	90	44	6	4	10	6	2	1	1	0	0	0	0	2	5	3	3	0	6	1	1	8	
26.15	50.0	159	67	0	2	9	4	1	43	4	0	0	0	0	0	1	2	3	0	2	0	0	4	
26.15	50.1	376	294	4	3	31	7	0	16	12	0	0	0	0	1	7	4	7	1	7	3	2	12	
26.15	50.2	107	20	0	1	2	2	1	9	0	0	0	0	0	0	1	0	1	0	2	0	0	1	
26.15	50.3	496	707	1	3	68	20	3	31	10	0	0	0	0	1	2	0	14	0	1	0	3	10	
26.15	50.4	184	162	10	9	28	19	6	13	4	0	1	0	0	3	4	8	12	0	10	2	3	30	
26.15	50.5	956	551	47	40	127	104	36	53	24	0	0	0	0	33	48	43	40	3	89	19	24	120	
26.15	50.6	117	52	1	1	8	0	1	5	1	0	0	0	0	1	1	4	7	0	0	0	2	3	
26.200000000000003	36.4	188	9	0	1	5	2	0	5	3	0	0	0	0	0	1	2	0	0	2	0	1	5	
26.200000000000003	49.9	111	22	0	0	10	1	1	4	2	0	0	0	0	0	0	0	0	1	0	0	0	2	
26.200000000000003	50.1	681	176	6	17	41	22	7	34	13	0	0	0	0	6	4	9	11	1	12	1	2	28	
26.200000000000003	50.2	503	178	5	4	10	6	1	36	6	0	0	0	0	4	7	8	4	0	7	0	11	13	
26.200000000000003	50.4	210	167	9	7	28	20	2	13	3	0	0	0	0	6	8	8	6	0	13	4	4	27	
26.200000000000003	50.5	2012	2004	66	64	426	232	56	206	49	2	4	0	0	67	58	109	159	2	110	11	60	319	
26.200000000000003	50.6	765	527	30	25	91	66	28	33	17	2	1	0	2	18	28	31	46	3	61	6	16	88	
26.25	44.8	375	28	1	1	5	2	1	20	19	0	0	0	0	0	0	2	1	1	2	1	0	7	
26.25	49.9	29	9	0	0	2	0	0	2	1	0	0	0	0	0	0	0	0	0	0	0	0	2	
26.25	50.0	41	8	0	0	2	2	0	1	1	0	0	0	0	1	0	0	0	0	0	0	0	0	
26.25	50.2	526	68	3	1	18	8	1	31	15	0	0	0	0	2	2	6	2	1	3	2	3	12	
26.25	50.6	600	278	25	24	81	48	26	43	13	2	0	1	0	14	34	24	20	1	47	14	17	83	
26.3	43.7	251	17	1	1	6	1	0	6	30	0	0	0	0	0	0	2	1	0	0	0	1	1	
26.3	43.8	137	9	1	1	2	1	1	1	3	1	0	0	0	0	0	0	1	1	0	1	1	2	
26.3	43.9	1507	90	7	3	30	14	3	52	29	2	0	0	0	4	3	7	3	1	4	2	4	26	
26.3	44.0	645	28	2	0	8	6	0	18	13	1	0	0	0	1	2	3	0	2	1	2	2	8	
26.3	44.8	429	21	1	2	7	2	2	22	17	0	0	0	0	1	0	1	2	0	4	1	2	4	
26.35	43.8	441	26	3	1	6	5	2	13	11	2	0	0	0	1	1	1	1	3	4	1	1	6	
26.35	43.9	2585	174	15	6	49	19	4	95	55	0	0	0	0	7	4	10	9	3	9	1	2	37	
26.4	43.9	517	28	2	2	6	5	2	12	7	0	0	0	0	2	2	2	2	0	0	0	0	4	
26.950000000000003	38.2	0	0	0	68	6	0	0	0	0	0	0	0	0	0	0	0	0	0	0	0	0	2	
27.0	38.2	0	0	0	45	2	0	0	0	0	0	0	0	0	0	0	0	0	0	0	0	0	0	
27.0	38.3	0	0	0	59	2	0	0	0	0	0	0	0	0	0	0	0	0	0	0	0	0	0	
27.05	38.3	0	0	0	88	4	0	0	0	0	0	0	0	0	0	0	0	0	0	0	1	0	7	
27.1	38.4	0	0	0	40	0	0	0	0	0	0	0	0	0	0	0	1	0	0	0	0	0	2	
27.35	41.6	21	1	0	0	0	0	1	0	1	0	0	0	0	0	0	1	1	0	1	0	1	1	
27.4	36.5	14	2	0	0	0	0	0	0	1	0	0	0	0	0	0	1	0	0	0	0	0	0	
27.450000000000003	41.6	968	61	4	2	12	6	1	34	11	0	0	1	0	0	1	2	3	2	4	0	1	11	
27.450000000000003	41.7	513	28	2	1	12	4	4	23	12	0	0	0	0	1	0	2	1	0	2	0	1	5	
27.450000000000003	48.4	339	21	1	1	10	3	1	10	10	1	0	0	0	1	0	2	0	0	1	0	0	4	
27.5	41.6	1773	122	8	5	20	13	3	73	37	3	0	0	0	4	4	5	4	3	7	3	3	12	
27.5	41.7	728	36	1	5	17	8	4	21	12	0	0	0	0	1	3	6	3	2	4	1	5	9	
27.55	41.6	541	24	1	0	4	2	1	18	11	0	0	0	0	1	0	2	1	0	0	1	0	8	
27.55	41.7	494	22	1	0	4	1	0	14	10	0	0	0	0	1	1	1	0	3	0	0	3	8	
27.6	38.5	350	19	0	1	11	0	0	10	14	0	0	0	0	1	0	1	0	1	1	0	1	7	
27.6	47.3	4	2	0	2	2	2	1	0	0	0	0	0	0	1	0	0	1	0	1	0	1	2	
27.950000000000003	45.5	571	31	1	0	7	3	0	20	16	0	0	0	0	2	5	6	2	2	3	0	0	5	
28.3	36.5	360	21	0	1	5	3	1	17	6	0	0	0	0	0	0	0	1	0	1	0	0	5	
28.3	36.6	124	4	1	1	2	1	1	2	3	0	0	0	0	0	0	1	0	0	0	0	0	1	
28.3	46.1	208	15	1	0	6	4	2	14	6	0	0	0	0	2	0	0	0	0	3	0	0	3	
28.35	36.5	2540	174	11	6	60	18	9	93	62	4	0	0	0	8	7	9	5	11	16	3	8	35	
28.35	36.6	183	11	0	1	4	0	0	4	5	1	0	0	0	0	0	1	0	0	0	1	0	2	
28.35	45.9	967	52	2	1	6	4	1	39	35	2	0	0	0	2	3	4	1	1	3	0	1	6	
28.4	36.5	2414	156	10	11	54	17	4	86	50	5	0	0	0	9	5	5	9	7	5	0	6	33	
28.4	36.6	273	9	2	0	4	3	0	7	1	0	0	0	0	0	0	0	1	1	0	0	2	0	
28.4	45.9	1854	115	8	5	31	12	5	63	55	5	0	0	0	6	3	13	12	9	3	4	4	35	
28.4	46.0	299	11	0	0	4	3	0	10	6	0	1	0	0	2	0	4	0	0	2	0	1	6	
28.4	48.4	575	54	3	2	13	8	2	23	11	1	0	0	0	2	1	2	2	3	5	0	2	14	
28.450000000000003	45.9	301	18	2	0	2	0	0	16	7	0	0	0	0	1	0	0	1	0	1	0	2	3	
28.450000000000003	48.4	281	21	1	2	4	1	1	10	11	0	0	0	0	1	2	1	0	1	1	0	0	8	
28.5	48.4	167	16	1	0	0	8	0	31	0	0	0	0	0	1	0	0	1	0	0	0	0	1	
28.55	48.0	179	41	0	3	9	4	1	8	2	0	0	0	0	0	3	2	5	0	1	2	1	17	
28.55	48.1	209	59	3	4	18	5	1	16	6	0	0	0	0	2	2	8	2	0	10	2	4	8	
28.55	48.3	220	58	1	6	35	10	3	13	6	0	0	0	0	2	3	27	1	0	8	0	0	14	
28.55	48.4	37	19	1	0	5	2	0	0	4	0	0	0	0	1	1	17	0	0	2	0	0	4	
28.6	48.1	84	15	1	1	3	4	2	1	1	0	0	0	0	2	1	1	3	1	2	0	1	3	
28.6	48.3	440	177	7	5	75	53	4	28	7	1	0	0	0	4	9	17	11	0	20	2	5	46	
28.65	48.2	219	56	1	7	8	5	3	9	1	1	0	0	0	1	0	9	1	0	6	0	3	11	
28.65	48.3	650	345	8	12	275	40	5	155	13	0	0	0	0	6	16	13	13	0	44	5	10	63	
28.700000000000003	47.9	70	16	2	1	3	1	0	1	0	0	0	0	0	1	0	0	0	0	2	0	1	2	
28.700000000000003	48.2	610	440	6	13	56	32	6	81	8	0	0	0	0	4	6	42	5	0	17	10	5	43	
28.700000000000003	48.3	66	18	1	2	5	1	2	3	2	0	0	0	0	0	2	1	1	0	2	1	0	4	
28.75	48.2	586	239	16	10	108	40	6	27	9	0	0	0	0	4	13	16	12	0	17	4	4	37	
28.75	48.3	34	38	1	1	9	2	1	2	4	0	0	0	0	1	0	2	2	0	1	0	1	3	
28.8	40.8	0	0	0	40	2	0	0	0	0	0	0	0	0	0	0	0	0	0	0	0	0	0	
28.8	48.0	53	6	0	0	2	1	0	0	0	0	0	0	0	0	2	1	1	0	0	0	0	0	
28.8	48.2	472	193	3	9	128	17	3	30	7	0	0	0	0	1	10	18	7	0	15	1	4	63	
28.85	40.8	0	0	0	44	3	0	0	0	0	0	0	0	0	0	0	0	0	0	0	0	0	1	
28.85	40.9	0	0	0	35	0	0	0	0	0	0	0	0	0	0	0	0	0	0	0	0	0	0	
28.85	48.1	161	37	1	2	21	5	1	9	1	0	0	0	0	0	2	4	2	0	4	0	2	12	
28.85	48.2	833	288	19	17	377	39	7	49	14	1	0	0	0	10	11	96	7	0	32	3	5	141	
28.9	40.0	0	0	0	101	0	0	0	0	0	0	0	0	0	0	0	0	0	0	0	0	0	0	
28.9	40.9	0	0	0	64	11	0	0	0	0	0	0	0	0	0	0	0	0	0	0	0	0	0	
28.9	48.1	864	177	7	13	70	21	6	23	8	1	2	0	0	2	8	11	6	0	21	4	8	27	
28.9	48.2	246	106	3	4	54	15	1	15	2	1	0	0	0	1	4	6	1	0	6	2	1	25	
28.950000000000003	40.0	0	0	0	145	0	0	0	0	0	0	0	0	0	0	0	0	0	0	0	0	0	1	
28.950000000000003	40.9	0	0	0	38	2	0	0	0	0	0	0	0	0	0	0	0	0	0	0	0	0	0	
28.950000000000003	47.9	16	24	0	0	4	0	0	4	1	0	0	0	0	0	0	0	0	0	0	0	0	0	
28.950000000000003	48.0	84	23	1	1	1	2	1	4	1	0	0	0	0	0	0	1	0	0	1	1	0	3	
28.950000000000003	48.1	840	137	8	9	103	22	4	37	9	0	0	0	0	7	9	14	8	3	24	6	4	30	
29.0	40.1	1	0	0	121	0	0	0	0	0	0	0	0	0	0	0	0	0	0	0	0	0	0	
29.0	48.0	264	50	0	1	21	1	0	8	2	0	0	0	0	1	1	1	1	0	2	1	0	3	
29.0	48.1	280	63	1	1	12	9	6	15	1	0	0	0	1	2	3	2	1	0	4	0	1	10	
29.05	40.1	2	0	0	56	0	0	0	0	0	0	0	0	0	0	0	0	0	0	0	0	0	0	
29.05	47.7	527	117	11	6	53	31	6	41	7	2	0	0	0	3	7	2	9	0	12	1	4	15	
29.05	48.0	762	224	9	12	89	24	7	45	19	4	0	0	0	4	8	7	9	0	24	1	5	42	
29.05	48.1	1340	435	24	26	123	67	24	77	31	4	1	1	1	14	25	44	20	1	45	9	23	74	
29.1	47.7	467	95	3	11	42	26	8	23	5	0	0	0	0	0	1	10	4	0	17	3	2	13	
29.1	47.8	239	55	5	2	16	13	2	12	3	0	0	0	0	1	3	2	0	0	8	3	0	10	
29.1	48.0	1082	226	16	24	108	40	11	74	21	1	0	0	0	11	25	23	15	1	44	11	8	67	
29.1	48.1	2113	998	58	77	313	139	42	206	37	9	0	0	2	51	70	79	53	4	112	28	41	201	
29.15	47.8	220	26	0	0	3	7	1	3	2	0	0	0	0	0	1	0	0	0	2	0	1	3	
29.15	47.9	148	39	1	0	5	0	0	8	0	0	0	0	0	2	0	1	1	0	1	0	0	3	
29.15	48.0	2989	944	104	107	347	169	60	270	76	13	2	0	0	69	98	114	73	4	174	43	60	265	
29.15	48.1	1534	822	52	52	243	97	37	116	28	1	0	0	0	38	48	49	29	1	92	24	22	130	
29.200000000000003	47.8	834	230	33	29	92	45	21	51	18	1	0	0	0	17	24	39	22	0	46	11	13	70	
29.200000000000003	47.9	2166	1033	48	107	245	1116	32	756	93	3	1	0	2	36	53	78	45	3	108	17	31	160	
29.200000000000003	48.0	3663	1263	126	195	501	233	94	335	114	2	1	1	2	64	112	121	97	8	245	59	73	315	
29.200000000000003	48.1	428	749	3	17	131	13	19	34	6	0	0	0	0	3	2	10	14	0	11	3	8	66	
29.25	47.7	317	35	1	1	5	3	5	9	0	1	0	0	0	3	1	0	2	0	6	0	1	4	
29.25	47.8	3031	634	58	62	183	125	50	176	64	5	0	1	0	44	55	60	37	8	105	31	41	150	
29.25	47.9	5631	3344	150	178	828	407	125	426	117	6	1	2	2	90	173	226	150	7	271	68	107	540	
29.25	48.0	7124	4132	381	385	1251	885	271	911	242	5	2	1	0	253	431	426	299	14	643	170	229	1028	
29.3	47.5	193	18	1	0	2	1	1	9	5	1	0	0	0	0	0	1	3	0	0	0	0	3	
29.3	47.6	1963	232	18	17	59	33	14	108	32	4	0	0	1	11	10	27	15	2	35	9	16	82	
29.3	47.7	1848	428	39	51	152	78	32	142	45	4	0	1	0	26	41	46	26	2	66	23	32	110	
29.3	47.8	2061	537	74	62	171	119	45	156	43	7	0	0	0	38	68	62	42	2	119	28	37	164	
29.3	47.9	8553	6320	271	358	1476	921	243	938	293	9	0	1	0	148	296	443	261	17	480	115	167	1088	
29.3	48.0	9747	6661	549	800	1795	1653	418	1089	290	9	9	0	0	367	538	603	379	18	800	239	288	1403	
29.35	47.5	11	8	0	1	0	0	0	1	0	0	0	0	0	0	0	0	1	0	0	0	0	1	
29.35	47.6	672	80	3	8	23	9	5	30	7	1	0	1	0	2	6	5	2	0	12	1	4	16	
29.35	47.9	5114	3831	108	88	938	484	116	591	175	2	4	0	1	59	98	169	120	2	168	47	88	418	
29.35	48.0	2389	1359	62	54	312	186	50	208	53	1	3	0	0	31	50	49	58	5	80	32	39	164	
29.4	47.6	290	26	0	1	5	1	0	12	4	0	0	0	0	0	1	0	0	0	3	1	1	8	
29.4	47.7	217	32	0	4	15	10	1	7	4	1	0	0	0	0	1	1	0	0	4	2	1	5	
29.450000000000003	47.6	241	14	2	2	2	0	1	3	3	1	0	0	0	0	1	0	0	0	1	0	0	2	
29.6	43.5	654	48	4	2	10	1	0	31	18	2	0	0	0	4	0	5	4	0	3	0	3	16	
29.65	47.4	6	11	2	0	2	1	0	0	0	0	0	0	0	1	1	1	0	0	1	1	1	1	
29.8	39.8	287	19	2	1	3	1	1	12	8	0	0	0	0	0	0	0	3	0	2	0	0	6	
29.85	40.2	326	20	2	0	5	3	0	11	8	1	0	0	0	1	0	0	1	0	3	0	2	3	
29.9	40.1	335	22	4	1	9	4	2	9	6	1	0	0	0	3	3	3	3	0	1	2	1	2	
29.9	40.2	306	20	0	1	4	2	1	9	5	1	0	0	0	1	2	1	2	2	0	0	1	6	
29.950000000000003	40.1	395	19	4	1	6	3	0	13	17	1	0	0	0	2	0	2	1	1	3	0	0	8	
29.950000000000003	40.2	683	36	1	1	7	2	0	15	22	1	0	0	0	2	1	2	1	0	1	0	0	6	
29.950000000000003	47.7	116	10	1	1	7	8	1	2	0	0	0	0	0	1	3	2	1	0	0	1	1	7	
30.0	47.7	153	23	1	4	5	4	1	4	2	0	0	0	0	3	3	1	2	1	4	0	0	5	
30.05	47.7	44	7	2	2	3	2	1	1	1	0	0	0	0	2	2	0	1	0	2	0	0	3	
30.3	48.2	2	0	0	0	3	0	0	5	0	0	0	0	0	0	0	0	0	0	0	0	0	0	
30.3	48.3	1	2	0	0	0	1	0	1	1	0	0	0	0	0	0	0	0	0	0	0	0	1	
30.35	47.6	67	4	1	0	2	2	1	1	0	0	0	0	0	0	1	0	0	0	0	0	0	1	
30.35	48.2	4	3	0	0	1	0	0	7	0	0	0	0	0	0	1	0	0	0	0	0	0	1	
30.4	47.6	8	1	0	0	0	0	0	1	1	0	0	0	0	0	0	0	0	0	0	0	0	1	
30.450000000000003	38.2	112	7	1	1	3	2	0	7	3	0	0	0	0	0	0	1	0	1	1	0	0	2	
30.450000000000003	47.8	141	20	4	0	7	2	0	13	1	0	0	0	0	0	0	0	1	0	1	0	0	2	
30.5	47.7	164	8	2	0	0	2	1	6	5	0	0	0	0	1	0	0	0	0	1	0	1	5	
30.5	47.8	224	36	2	7	9	7	2	14	4	0	0	0	0	2	2	3	6	0	4	0	1	7	
30.55	47.2	11	10	0	0	0	1	0	0	0	0	0	0	0	0	0	1	0	0	0	0	0	1	
30.55	47.7	85	15	1	1	1	1	0	4	1	0	0	0	0	0	1	0	0	0	0	0	0	3	
30.950000000000003	41.0	1419	91	5	2	26	8	3	72	36	1	0	0	0	5	4	6	5	7	11	1	5	10	
31.0	46.2	119	10	1	0	5	0	2	11	1	0	0	0	0	1	0	2	1	0	1	0	0	5	
31.3	37.3	763	43	6	3	26	7	3	43	29	1	0	0	2	5	3	6	7	6	5	1	2	11	
31.65	38.6	312	18	0	0	9	1	0	12	11	0	0	0	0	3	2	0	0	0	1	1	1	6	
31.950000000000003	44.3	143	23	1	1	7	3	0	11	2	0	0	0	0	1	3	0	1	0	0	0	1	8	
