18.0	42.4	77	0	0	0	0	0	0	0	0	0	0	0	0	0	0	0	85	0	0	0	0	0	
18.05	42.7	2483	24	0	1	103	0	0	7	19	0	0	0	0	0	0	0	0	1	1	0	0	3	
18.15	42.8	10398	42	1	0	11	1	1	42	48	0	0	0	0	1	0	0	3	2	1	0	0	5	
18.2	42.4	7777	538	5	15	17	25	5	32	55	0	0	0	0	4	5	5	5	0	10	1	1	46	
18.2	42.5	31262	802	4	9	51	22	23	113	53	1	0	1	0	5	5	10	13	2	21	2	12	31	
18.2	42.6	2522	59	2	0	8	1	0	59	5	0	0	0	0	1	0	4	12	0	0	0	1	4	
18.2	42.7	6046	292	3	1	9	10	1	7	12	2	0	0	0	2	0	4	4	1	2	1	3	12	
18.2	42.8	6635	36	0	1	16	1	0	20	12	0	0	0	0	4	1	2	0	0	1	0	0	2	
18.25	42.6	5446	125	5	0	7	7	0	22	64	0	0	0	0	0	0	2	2	2	1	0	2	4	
18.25	42.7	25460	184	5	3	40	25	7	52	51	2	0	0	0	10	2	11	23	7	7	2	61	24	
18.3	42.6	7697	49	7	1	9	0	1	17	13	1	0	0	0	2	2	4	1	1	1	0	1	7	
18.3	42.7	24391	362	5	8	31	11	2	72	43	0	0	0	0	4	1	6	3	2	9	3	8	28	
18.35	42.5	3219	512	8	0	54	0	0	1	5	0	0	0	0	20	0	0	5	0	1	0	0	44	
18.35	42.8	2566	11	1	1	10	1	0	4	29	0	0	0	0	1	0	0	0	1	0	0	0	12	
18.5	42.0	6942	33	5	1	5	4	0	22	7	1	0	0	0	3	0	3	4	0	0	1	2	8	
18.5	43.3	168	82	0	0	1	2	0	2	0	0	0	0	0	0	2	1	0	0	1	0	1	1	
18.55	42.0	3832	4	0	2	3	1	1	12	7	1	0	0	0	9	0	1	1	0	0	0	1	14	
19.15	42.1	1983	23	1	0	9	0	3	4	3	0	0	0	0	0	0	0	4	1	0	0	0	6	
19.75	41.4	3311	7	1	4	10	6	0	7	11	0	0	0	0	1	1	2	2	1	0	0	1	2	
19.8	41.4	1609	13	0	0	40	1	0	5	5	0	0	0	0	0	0	0	0	2	0	0	0	2	
19.85	41.5	3148	39	2	0	4	0	1	5	4	2	0	0	0	1	0	2	2	2	2	0	1	4	
19.9	41.5	1752	15	0	1	2	1	0	27	5	0	0	0	0	0	0	0	0	1	0	0	0	1	
19.95	41.3	696	33	1	0	1	0	0	7	1	0	0	0	0	1	0	0	5	0	0	0	1	2	
19.95	42.3	1814	0	1	0	0	0	0	1	162	0	0	0	0	0	0	0	0	0	0	0	0	2	
20.0	41.4	8376	63	1	1	17	6	0	29	16	1	0	0	0	3	0	0	1	0	2	0	0	7	
20.0	42.5	2870	22	0	0	8	2	0	10	15	0	0	0	1	2	0	1	0	1	0	0	0	2	
20.0	42.6	8755	48	7	3	12	2	0	30	26	0	0	0	0	3	4	2	2	0	10	1	6	7	
20.05	41.4	5450	26	1	5	5	3	0	26	28	0	0	0	0	2	1	0	1	0	2	0	0	3	
20.1	40.2	3504	31	2	2	2	0	0	11	3	2	0	0	0	2	0	0	1	0	0	0	0	9	
20.1	41.2	1245	71	2	1	2	1	0	7	5	0	0	0	0	0	0	5	0	0	0	0	3	1	
20.45	44.7	4956	56	0	0	4	1	0	8	10	0	0	0	0	0	0	1	0	0	1	0	0	4	
20.45	45.5	3851	40	0	0	7	2	0	10	2	1	0	0	0	0	0	0	2	1	0	0	0	2	
21.1	42.6	288	0	0	0	0	0	0	21	61	0	0	0	0	0	0	0	0	0	0	0	0	0	
21.2	40.4	14851	145	8	4	26	7	10	50	21	8	0	0	0	1	2	3	4	4	6	0	5	15	
21.2	40.5	3147	45	2	1	15	3	0	8	7	0	0	0	0	0	0	1	3	1	3	0	0	2	
21.25	40.3	14712	258	10	7	63	17	3	80	30	9	0	0	0	2	6	2	3	5	13	2	5	28	
21.25	40.4	96951	1269	42	103	172	57	22	257	177	60	0	0	0	18	8	16	64	29	29	1	12	95	
21.3	39.1	262	91	0	2	1	1	3	4	0	0	0	0	0	1	0	0	0	0	2	0	0	3	
21.3	39.2	2573	73	2	6	13	6	1	9	5	9	0	0	0	2	1	11	3	0	8	4	4	23	
21.3	39.8	2498	56	0	0	1	2	2	13	6	0	0	0	0	0	1	2	0	1	2	0	0	9	
21.3	39.9	3719	183	8	16	100	8	11	28	29	0	0	0	0	4	14	6	9	0	17	5	7	38	
21.3	40.4	17883	152	7	1	19	4	1	72	26	0	0	0	0	6	1	8	2	1	6	1	6	23	
21.35	39.1	1429	25	1	0	5	1	1	3	2	15	0	0	0	0	0	2	1	0	2	0	0	4	
21.35	39.2	7810	67	0	1	20	5	0	39	8	0	2	0	0	4	0	1	3	2	2	0	1	26	
21.35	39.4	4737	69	1	2	7	2	1	9	7	1	0	0	0	1	0	0	7	0	13	2	1	5	
21.35	39.5	424	67	1	1	15	2	0	5	10	0	0	0	0	0	0	0	0	0	1	0	0	3	
21.35	39.6	556	66	0	2	41	3	1	1	6	0	0	0	0	0	0	1	0	0	0	0	0	4	
21.35	39.7	22866	1561	27	39	165	67	23	140	39	46	0	0	0	18	12	10	18	57	21	4	6	147	
21.35	39.8	36720	1322	22	108	261	117	12	187	87	1	0	0	0	9	15	19	19	5	23	8	8	122	
21.35	39.9	1993	65	1	13	109	8	0	11	4	0	0	0	0	0	0	1	2	0	2	0	1	7	
21.35	40.2	1487	95	7	3	38	19	5	15	12	0	0	0	0	0	1	0	4	0	2	0	3	6	
21.35	40.4	9824	50	2	1	18	3	0	25	14	0	0	0	0	1	1	1	0	0	0	0	2	4	
21.4	39.1	4155	38	1	2	7	5	0	8	6	0	0	0	0	0	0	2	0	0	4	0	0	0	
21.4	39.2	30243	773	27	24	116	77	12	119	70	10	1	2	0	11	1	12	63	12	12	4	17	56	
21.4	39.3	23584	420	32	7	135	35	6	76	46	0	0	0	0	2	4	14	20	5	5	0	4	28	
21.4	39.4	6557	47	2	2	20	1	0	18	10	0	0	0	0	0	0	1	1	2	2	1	0	2	
21.4	39.5	4994	40	3	1	11	7	0	4	12	1	0	0	0	1	1	0	1	1	0	0	0	2	
21.4	39.6	218	37	0	9	28	11	0	1	0	0	0	0	0	0	0	0	0	0	0	0	0	4	
21.4	39.7	25375	1120	26	55	270	52	22	166	61	7	0	0	0	16	7	17	93	6	44	1	25	86	
21.4	39.8	85873	3581	75	1560	5169	343	40	427	584	41	0	1	0	58	60	87	114	32	103	44	53	491	
21.4	40.4	22689	461	51	5	15	7	7	90	42	0	1	0	0	5	3	6	11	10	10	2	6	32	
21.4	40.5	6381	29	1	5	7	1	0	9	11	1	0	0	0	0	0	2	1	0	3	0	1	5	
21.45	39.1	32307	2045	62	137	639	126	32	229	98	2	0	0	0	35	20	26	66	3	47	9	14	201	
21.45	39.2	140560	5341	122	355	859	336	51	579	283	39	3	4	0	72	44	106	154	41	119	45	56	280	
21.45	39.3	27365	225	5	1	23	16	3	80	51	3	0	0	0	46	0	8	2	3	3	1	4	16	
21.45	39.7	12094	235	3	13	17	15	4	25	34	17	0	0	0	4	4	3	0	5	5	0	4	32	
21.45	39.8	34083	810	44	67	198	20	28	100	58	11	0	0	0	4	9	10	39	10	16	3	14	94	
21.45	39.9	39285	1301	14	46	324	98	11	160	81	11	0	0	0	11	15	20	4	3	54	4	8	131	
21.45	40.4	9469	94	3	0	6	0	2	26	18	1	0	0	0	1	1	0	2	3	1	0	1	3	
21.45	40.5	6751	80	0	1	10	1	0	38	9	0	0	0	0	1	4	2	3	1	2	0	3	7	
21.5	39.1	67137	11109	133	234	1930	3993	158	979	311	208	1	0	0	107	102	122	183	7	177	46	95	813	
21.5	39.2	61724	3282	35	51	454	517	46	404	168	25	2	0	0	41	39	55	118	26	43	8	25	264	
21.5	39.7	9150	73	1	3	23	1	3	24	18	0	0	0	0	1	3	6	0	0	2	0	0	7	
21.55	39.1	84830	21837	277	1627	3080	2811	261	2060	452	7	2	0	0	188	299	370	370	9	413	80	165	1305	
21.55	39.2	84175	4186	114	162	591	375	49	534	216	34	0	0	0	77	83	91	57	10	127	24	70	438	
21.55	39.7	8321	118	5	1	33	9	2	25	13	3	0	0	0	2	1	3	1	5	1	2	2	10	
21.55	39.9	3200	10	0	2	37	0	1	5	2	0	0	0	0	0	0	0	0	0	1	0	1	0	
21.6	39.1	82122	9403	160	2627	1572	916	351	794	264	3	0	0	0	126	221	207	144	19	232	47	91	764	
21.6	39.2	34083	1430	50	202	206	56	16	187	167	10	0	0	0	21	35	18	29	7	52	13	18	96	
21.6	39.6	5636	15	9	2	11	2	0	21	5	0	0	0	0	0	6	0	1	0	0	0	1	5	
21.6	39.7	2915	24	0	2	9	0	0	5	0	0	0	0	0	4	0	1	1	0	0	1	4	0	
21.65	39.0	188	23	0	0	78	14	0	1	1	0	0	0	0	0	2	4	0	0	2	0	1	3	
21.65	39.1	20069	4292	83	173	1123	268	38	444	1104	1	0	0	0	40	104	61	79	5	115	14	29	312	
21.65	39.2	5757	77	0	5	14	5	3	39	10	0	1	0	0	1	2	1	4	0	2	0	0	11	
21.7	39.0	1311	136	2	3	15	2	0	27	3	0	0	0	0	0	0	0	6	0	6	0	1	10	
21.7	39.1	6718	1835	40	33	275	40	8	164	55	1	0	0	1	10	22	33	20	1	17	4	20	85	
21.7	39.2	1524	104	1	4	34	5	1	5	3	0	0	0	0	0	0	7	3	0	0	0	4	8	
21.75	39.0	1817	212	3	5	28	24	4	8	3	0	0	0	0	5	1	4	5	0	2	2	0	18	
21.75	39.1	14578	1724	33	50	296	83	21	164	50	35	0	0	0	21	27	21	52	3	49	9	17	176	
21.75	39.2	7415	84	8	2	23	4	4	69	12	0	0	0	0	6	2	2	2	0	4	1	3	9	
21.8	39.1	3739	559	10	24	51	18	12	25	4	0	0	0	0	5	18	34	6	0	16	0	5	53	
21.85	39.0	275	68	2	0	2	1	0	2	2	0	0	0	0	9	0	1	1	0	0	0	0	1	
21.9	38.9	722	138	2	2	27	233	2	9	65	0	0	0	0	1	11	4	5	0	8	0	2	15	
21.9	39.1	775	31	2	1	35	39	0	12	15	0	0	0	0	0	0	0	1	0	3	0	0	2	
21.9	42.0	8635	18	0	7	2	2	1	11	11	0	0	0	0	0	1	5	0	1	1	0	0	5	
22.1	39.3	3130	26	1	0	2	5	1	4	8	0	0	0	0	1	1	0	1	0	0	0	0	1	
22.25	39.1	1489	809	3	7	10	12	2	13	4	1	0	0	0	2	12	6	1	1	2	1	4	24	
22.25	39.7	1882	42	3	0	7	0	0	1	6	0	0	0	0	0	0	0	0	0	1	0	0	1	
22.25	46.7	5306	38	0	1	12	1	0	15	9	0	0	0	0	1	0	1	2	1	0	0	1	2	
22.3	39.0	75	62	2	1	5	3	0	0	1	0	0	0	0	0	0	1	4	0	1	0	0	2	
22.3	39.1	330	270	1	1	22	29	2	3	5	0	0	0	0	2	3	5	14	0	7	0	2	33	
22.3	39.3	1027	21	3	0	2	0	2	5	1	0	0	0	0	1	0	0	5	0	7	0	0	7	
22.4	39.3	369	15	0	0	38	1	0	1	1	0	0	0	0	0	0	0	3	0	0	0	0	1	
22.4	41.7	1208	81	0	0	5	1	0	5	1	0	0	0	0	2	1	2	37	0	0	0	43	0	
22.5	52.3	0	4	0	0	55	4	0	0	0	0	0	0	0	0	0	0	0	0	0	0	0	2	
22.75	39.0	3451	65	5	2	6	2	0	20	12	0	0	0	0	1	1	2	1	0	2	0	0	4	
22.8	39.0	2818	29	0	1	16	0	0	8	4	0	0	0	0	0	0	1	10	0	0	0	1	2	
22.95	53.7	42	30	0	0	6	0	0	3	0	0	0	0	0	0	0	3	1	0	0	0	1	7	
23.45	46.8	7648	36	0	1	20	0	0	11	5	0	0	0	0	1	1	1	0	104	0	0	0	3	
23.55	45.4	332	71	0	0	0	0	0	0	0	0	0	0	0	0	0	0	0	0	0	0	0	0	
23.65	53.6	336	34	0	1	10	8	1	1	0	0	0	0	0	1	4	4	1	0	2	0	2	5	
23.65	53.7	544	33	1	0	4	5	1	2	0	0	0	0	0	0	1	1	4	0	1	0	1	1	
23.75	38.7	3983	22	0	0	6	0	1	6	5	1	0	0	0	0	0	2	0	0	3	0	2	4	
23.75	44.7	1345	48	0	0	2	2	0	5	0	0	0	0	0	0	0	2	1	0	1	1	0	4	
23.8	52.8	2147	103	2	13	6	0	3	7	1	0	0	0	0	0	0	0	8	0	1	2	3	12	
23.85	42.9	7057	47	2	0	2	1	4	22	4	2	0	0	0	0	0	2	2	3	0	0	2	15	
23.9	42.9	9680	28	2	0	5	2	0	21	21	10	0	0	0	5	0	1	2	1	4	0	1	7	
23.9	53.7	3	54	0	0	0	1	0	0	0	0	0	0	0	0	0	0	0	0	0	0	0	0	
23.95	38.1	941	135	0	8	0	0	2	8	2	1	0	0	0	0	0	0	0	0	3	0	1	6	
23.95	38.2	2055	164	1	2	17	42	2	22	8	0	0	0	0	4	1	4	1	0	2	0	2	7	
23.95	47.1	5749	51	1	0	5	6	0	19	14	0	0	0	0	3	0	1	1	0	1	0	0	6	
24.0	38.1	3883	184	5	5	39	30	2	45	17	1	0	0	0	4	0	1	3	0	4	1	4	20	
24.0	38.2	4702	575	20	13	22	34	7	29	15	0	0	0	0	3	1	6	8	1	7	0	1	27	
24.0	47.1	4156	56	0	0	5	0	2	7	1	1	0	0	0	0	1	3	4	0	2	0	1	5	
24.0	54.0	0	48	0	0	0	0	2	0	0	0	0	0	0	1	0	0	1	0	0	0	0	0	
24.05	38.0	17055	291	5	12	44	65	4	65	29	0	0	0	0	4	4	16	4	1	5	3	4	24	
24.05	38.1	2231	53	0	1	9	11	0	8	4	3	17	0	0	2	1	6	0	0	1	0	0	7	
24.05	45.2	2004	60	0	0	2	1	0	3	14	0	0	0	0	0	0	1	0	0	1	0	0	0	
24.05	52.6	1111	544	10	3	108	26	4	7	2	6	0	0	0	3	4	4	1	3	7	1	2	24	
24.05	53.400000000000006	2683	54	12	2	5	1	1	5	1	0	0	0	0	3	0	0	0	0	3	0	1	1	
24.1	38.0	13336	78	5	2	10	4	2	29	32	0	0	0	0	3	1	5	3	3	1	2	0	7	
24.1	47.2	17160	183	7	6	28	30	2	67	31	0	0	0	0	2	2	3	2	1	12	3	2	14	
24.1	47.3	17988	187	4	0	34	5	1	74	25	66	0	0	0	1	5	2	5	5	6	1	0	40	
24.1	53.400000000000006	37	12	74	0	0	1	0	1	2	0	0	0	0	1	0	1	0	2	0	0	0	2	
24.15	47.2	6334	38	1	0	11	1	0	24	9	0	0	0	0	0	1	4	4	1	2	2	1	16	
24.15	47.3	32027	476	15	108	67	32	15	102	50	5	0	0	0	6	14	9	35	15	20	4	10	48	
24.25	48.9	0	61	0	0	0	1	0	0	0	0	0	0	0	0	0	0	0	0	0	0	0	0	
24.35	39.5	3665	26	0	0	8	0	2	7	8	0	0	0	0	0	1	4	1	0	2	0	7	7	
24.4	39.4	5847	36	2	0	6	0	0	12	16	0	0	0	0	0	0	0	0	0	1	1	0	3	
24.4	39.5	25591	366	12	31	119	25	7	87	43	1	0	0	2	6	5	15	9	8	17	1	13	67	
24.4	39.6	22864	897	26	42	287	59	11	141	57	4	0	0	0	8	16	10	14	2	26	1	16	79	
24.4	47.0	293	87	0	0	12	2	1	0	20	0	0	0	0	0	3	0	1	0	0	0	1	6	
24.45	39.5	47124	1417	41	53	641	84	16	224	127	20	0	0	0	11	12	19	23	9	33	6	11	171	
24.45	39.6	78866	3505	61	1270	3717	479	56	412	547	17	1	0	0	44	55	88	75	24	95	24	34	386	
24.45	39.7	2701	57	3	5	0	0	0	12	6	1	0	0	0	3	0	4	1	0	5	0	0	14	
24.45	44.3	2876	28	1	0	0	2	0	12	9	7	0	0	0	0	0	1	0	0	2	0	0	2	
24.45	46.2	8346	166	20	16	81	10	4	26	17	1	0	0	0	6	20	8	12	1	20	16	3	63	
24.45	46.5	4561	574	1	0	7	1	0	10	9	0	0	0	0	0	0	2	3	0	0	0	1	8	
24.45	46.6	6894	38	3	1	14	0	0	16	23	0	0	0	0	1	0	3	0	0	0	1	0	4	
24.45	52.3	1141	71	3	1	6	4	5	10	0	0	0	0	0	0	3	3	1	1	5	0	2	5	
24.5	39.5	13186	326	12	9	73	16	2	35	28	1	0	0	0	20	4	5	5	5	11	4	0	32	
24.5	39.6	17452	310	4	47	148	40	3	120	71	0	0	0	0	14	6	8	8	9	3	1	12	25	
24.5	39.7	3480	54	1	15	11	2	0	24	26	0	0	0	0	1	0	1	1	0	0	0	2	10	
24.5	44.3	6852	73	1	5	11	6	3	32	8	0	0	0	0	3	5	0	2	1	6	1	3	7	
24.5	44.4	13993	71	4	2	9	0	2	29	19	0	0	0	0	3	0	2	0	3	5	0	2	9	
24.5	46.6	28278	403	9	19	108	41	10	151	69	4	0	0	0	7	9	9	9	5	16	9	7	49	
24.5	46.7	9823	166	7	141	35	13	3	50	28	0	0	0	0	2	4	3	4	0	3	1	2	12	
24.5	46.8	1222	93	0	1	10	12	0	1	4	0	6	0	0	0	2	10	0	0	0	0	0	9	
24.5	46.9	970	77	2	2	13	13	1	3	0	0	0	0	6	0	1	1	2	0	1	0	1	6	
24.55	39.5	735	46	0	1	3	0	0	1	1	0	0	0	0	7	0	1	0	2	1	0	0	8	
24.55	39.6	1535	21	2	7	6	2	1	4	4	1	0	0	0	0	0	0	2	0	0	0	0	6	
24.55	46.5	63882	798	39	18	168	60	10	179	134	11	0	0	2	16	7	26	25	7	24	8	4	79	
24.55	46.6	123160	3026	69	143	288	219	51	649	165	66	0	0	0	60	77	80	70	14	90	14	36	276	
24.55	46.7	73599	813	35	36	106	49	18	261	117	2	1	0	0	7	11	32	34	6	17	6	7	92	
24.55	46.8	21032	587	13	6	62	32	11	88	36	10	0	0	0	16	5	10	7	13	14	0	1	41	
24.55	46.9	1308	24	0	0	1	1	0	10	1	6	0	0	0	1	0	6	0	0	1	0	0	2	
24.6	46.1	2339	33	0	0	1	0	0	2	4	0	0	0	0	1	0	1	4	1	1	0	0	3	
24.6	46.5	29156	288	7	4	94	46	7	69	43	7	0	0	0	4	7	5	4	7	8	0	5	61	
24.6	46.6	51748	1438	40	531	213	121	22	349	125	2	0	0	0	19	43	50	29	6	41	11	21	141	
24.6	46.7	62424	2745	59	166	335	621	35	233	127	3	0	3	0	23	56	107	48	13	67	7	33	198	
24.6	46.8	1662	32	0	1	9	1	0	11	8	0	0	0	0	0	0	2	2	0	2	1	1	2	
24.65	46.5	5722	120	3	6	32	7	2	28	15	1	0	0	0	1	2	2	1	0	3	2	1	16	
24.65	46.6	52024	8133	146	365	3057	2410	191	1625	417	10	0	2	0	206	163	515	173	22	301	30	134	722	
24.65	46.7	86567	7304	158	259	998	1735	134	773	242	102	0	0	0	112	225	301	123	29	216	42	55	672	
24.65	46.8	54537	1320	27	35	234	135	29	203	99	11	0	0	6	20	38	37	33	8	44	11	25	148	
24.7	46.5	7230	539	12	9	42	43	4	54	15	0	0	0	0	6	5	7	7	0	10	1	4	31	
24.7	46.6	64962	10510	196	356	2393	2981	164	2281	611	8	0	0	0	208	221	671	179	60	202	52	73	737	
24.7	46.7	68162	5296	121	327	1010	716	160	813	171	3	0	1	0	71	190	314	124	7	196	44	79	584	
24.7	46.8	106171	1371	39	29	235	152	20	359	144	8	2	0	0	17	34	55	37	18	55	13	15	145	
24.7	50.7	645	27	1	2	12	4	0	1	0	0	0	0	0	0	1	0	1	0	3	0	0	3	
24.75	46.5	7196	168	3	11	63	20	3	63	21	0	0	0	0	1	12	2	1	2	5	0	8	19	
24.75	46.6	79477	9921	136	414	1190	928	125	848	239	31	6	0	0	114	322	430	164	15	336	68	110	819	
24.75	46.7	119218	7184	155	443	1528	1252	214	1144	232	35	0	1	1	116	429	348	145	22	380	70	93	835	
24.75	46.8	76553	1965	42	67	189	136	25	497	218	13	2	0	0	35	25	72	57	18	52	9	18	144	
24.75	46.9	2967	63	1	1	33	16	0	9	7	0	2	0	1	1	2	8	3	1	7	0	1	17	
24.8	46.5	865	47	1	0	12	13	0	12	5	1	0	0	0	2	3	0	0	0	1	1	15	2	
24.8	46.6	32062	1369	42	91	305	198	34	322	69	11	1	0	1	12	58	80	29	3	50	12	7	169	
24.8	46.7	53214	2180	40	110	443	139	36	365	119	2	0	2	0	25	103	76	43	8	89	30	37	240	
24.8	46.8	48888	726	14	32	78	35	4	161	81	19	0	0	0	7	7	15	9	9	16	1	9	44	
24.85	46.4	235	2	0	0	62	1	0	0	1	0	0	0	0	0	0	0	1	0	0	0	0	0	
24.85	46.5	2449	85	1	1	46	7	2	10	15	0	0	0	0	4	0	2	0	1	0	2	0	4	
24.85	46.6	2913	75	7	4	9	7	1	67	6	2	0	0	0	2	1	4	1	0	7	4	1	10	
24.85	46.7	3052	273	4	1	126	5	5	86	23	2	0	0	0	2	5	9	5	0	4	0	10	14	
24.85	46.8	2444	39	1	5	9	9	0	15	10	0	0	0	0	0	4	1	1	1	2	0	1	6	
24.85	51.5	149	59	0	0	1	1	1	1	1	0	0	0	0	1	0	4	5	0	1	0	2	2	
24.9	46.3	5067	84	1	0	6	2	0	21	14	0	0	0	0	0	3	4	0	1	4	1	0	6	
24.9	46.6	1246	67	2	2	6	3	2	2	14	0	0	0	0	1	4	2	0	0	3	1	1	11	
24.9	46.7	1163	82	0	0	26	10	0	9	25	0	0	0	0	3	1	2	1	0	0	0	2	3	
24.9	46.9	593	48	1	0	1	10	0	0	2	0	0	0	0	0	0	12	16	0	2	0	4	1	
24.9	49.2	0	6	1	0	0	0	0	0	0	0	0	0	99	0	0	0	0	0	0	0	0	0	
24.95	46.5	389	101	4	0	27	237	3	4	4	0	0	0	0	0	6	5	0	0	4	1	0	19	
24.95	46.6	855	42	0	0	45	14	0	12	20	0	0	0	0	0	2	0	1	0	0	0	0	3	
24.95	46.7	3168	437	6	19	603	455	4	300	424	0	0	0	0	4	4	17	105	1	2	2	1	29	
24.95	51.5	170	72	0	2	10	6	0	2	2	0	0	0	0	3	0	2	0	0	1	0	0	8	
25.0	45.0	0	65	0	0	0	1	0	0	0	0	0	0	0	0	0	0	1	0	0	0	0	2	
25.0	51.5	16	303	2	2	103	31	3	0	1	8	0	0	0	3	4	5	4	1	7	2	4	11	
25.05	45.4	2338	21	0	0	7	3	1	4	4	0	0	0	0	0	0	6	3	0	1	1	0	1	
25.05	46.6	185	13	0	0	2	96	0	8	1	0	0	0	0	0	0	1	1	0	0	0	0	0	
25.05	46.7	162	6	0	1	51	3	0	2	9	0	0	0	0	0	0	0	0	0	0	0	0	1	
25.1	46.6	479	31	0	4	1	5	0	6	7	0	0	0	0	6	1	2	1	0	0	0	0	4	
25.1	51.3	16	270	0	1	5	1	0	0	1	0	0	0	0	0	0	1	2	0	3	0	0	13	
25.1	51.5	756	100	1	0	11	5	0	4	2	0	0	0	0	5	0	1	4	0	12	1	0	8	
25.1	51.6	196	41	0	1	18	10	0	3	1	0	0	0	0	0	0	2	1	0	0	0	0	8	
25.15	51.3	1838	60	1	4	29	13	4	8	355	1	0	0	0	2	0	4	0	0	0	0	2	7	
25.15	51.4	242	569	10	9	41	45	2	4	84	1	21	0	0	1	3	9	8	0	2	1	9	474	
25.15	51.5	3363	1170	15	22	89	145	13	21	15	0	1	0	0	4	40	11	6	0	29	7	7	86	
25.15	51.6	2286	251	2	2	25	8	2	17	42	0	0	0	0	2	6	3	5	0	2	0	4	7	
25.2	44.1	425	0	0	0	0	0	0	2	0	0	0	0	0	0	0	0	0	0	0	0	0	174	
25.2	45.2	6258	31	0	0	10	2	1	12	18	0	0	1	0	1	1	1	0	0	0	0	1	7	
25.2	51.3	3151	122	2	3	19	9	4	7	5	1	0	0	0	3	2	1	2	0	6	2	2	8	
25.2	51.4	11197	2801	33	31	197	227	119	124	23	1	0	0	0	22	22	35	16	0	51	5	13	146	
25.2	51.5	5439	1758	290	35	166	376	13	54	15	0	0	0	0	137	24	24	14	0	34	3	10	103	
25.25	51.4	18755	6272	112	90	418	737	133	172	53	6	0	0	1	48	45	66	107	1	100	29	50	416	
25.25	51.5	13904	12386	303	147	1191	3622	216	331	200	75	4	0	9	162	67	168	176	199	197	35	103	932	
25.25	51.6	22	39	1	0	10	2	0	4	0	0	0	0	10	0	0	2	1	0	0	0	0	2	
25.3	49.5	23551	1061	16	25	142	36	10	141	54	4	0	0	0	9	11	15	24	0	24	2	4	71	
25.3	49.6	6466	447	3	1	39	7	2	70	21	3	0	0	0	3	5	7	3	0	18	1	3	21	
25.3	51.3	532	58	2	1	11	1	1	3	2	0	0	0	0	2	1	0	2	0	0	0	0	4	
25.3	51.4	18357	5424	77	79	341	869	59	202	55	4	4	0	0	44	55	55	54	12	104	19	32	349	
25.3	51.5	6273	3679	103	45	161	188	240	121	68	6	1	0	0	32	27	23	58	30	37	9	30	220	
25.35	47.2	1505	65	4	1	17	2	2	13	5	0	0	0	0	4	0	0	0	0	0	0	0	10	
25.35	49.5	42008	1168	36	64	273	71	27	350	101	9	1	0	0	16	50	27	49	2	49	11	16	156	
25.35	49.6	10654	230	4	5	33	19	3	42	20	110	0	0	0	2	1	5	9	0	11	0	2	22	
25.35	49.7	5698	98	6	3	91	10	1	14	10	0	0	0	0	6	2	2	2	3	1	0	0	11	
25.35	50.7	89	78	0	0	0	1	1	0	0	0	0	0	0	0	0	0	0	0	1	0	0	0	
25.35	51.2	1503	74	1	0	13	33	0	1	9	0	0	0	0	0	0	3	1	0	3	0	2	4	
25.35	51.4	15622	1538	33	25	94	69	41	108	24	0	1	0	0	23	20	27	17	2	38	5	19	101	
25.35	51.5	3246	3359	98	27	189	100	411	130	22	14	0	0	0	122	17	35	61	0	37	10	31	467	
25.4	49.5	30686	722	13	15	150	70	12	156	58	1	0	0	0	10	17	16	31	9	21	5	10	108	
25.4	49.6	6086	1370	42	2	18	8	8	45	9	3	0	0	0	9	4	10	3	4	8	0	0	45	
25.4	49.7	2849	22	3	0	20	1	0	26	2	0	0	0	0	1	1	1	2	0	1	0	0	3	
25.4	50.7	82	422	5	4	123	62	3	0	2	0	0	0	0	2	7	4	1	0	8	0	3	22	
25.4	51.4	4044	254	6	3	17	25	5	28	12	0	0	0	0	2	2	3	32	0	11	0	5	27	
25.4	51.5	0	41	0	0	1	13	0	0	0	0	0	0	0	1	0	1	0	0	0	0	0	0	
25.45	49.5	5205	68	0	0	10	0	4	26	11	1	0	0	0	1	0	3	0	1	0	0	0	4	
25.45	49.6	3005	32	3	0	14	1	1	12	3	0	0	0	0	0	1	0	3	0	1	2	0	7	
25.45	51.3	1305	279	4	3	3	9	7	12	5	0	0	0	0	5	0	1	0	0	5	0	1	13	
25.45	51.4	599	125	3	8	5	4	0	9	1	1	0	0	0	1	0	1	5	0	2	0	1	10	
25.5	44.1	498	4	0	0	386	0	0	2	0	0	0	0	0	0	0	0	36	1	0	0	0	0	
25.55	47.1	3855	35	2	1	7	1	1	13	4	0	0	0	0	0	0	0	1	0	0	0	0	6	
25.55	51.4	609	38	3	9	4	7	1	9	2	0	0	0	0	0	0	0	1	0	2	0	1	2	
25.6	49.5	4676	42	2	2	48	5	0	9	11	0	0	0	0	0	1	4	1	0	4	0	1	9	
25.65	39.2	4228	178	0	0	4	0	1	12	9	1	0	0	0	1	0	0	2	4	1	0	0	2	
25.65	51.4	723	84	1	1	6	5	0	8	3	0	0	0	0	2	0	0	1	1	4	1	0	8	
25.65	51.5	1650	157	2	1	20	7	2	6	0	0	0	0	0	3	1	1	4	0	4	0	1	17	
25.7	45.8	1481	57	1	0	5	1	0	5	1	0	0	0	0	0	1	0	0	0	1	0	0	4	
25.7	51.5	960	388	9	2	171	13	8	5	12	0	0	0	0	4	3	7	4	0	2	1	5	24	
25.75	43.1	278	51	0	0	0	0	0	1	0	0	0	0	0	1	0	0	0	0	0	0	0	1	
25.8	44.2	4990	36	3	0	1	2	13	24	3	0	0	0	0	2	0	2	2	0	1	0	0	5	
25.8	50.1	8	16	2	0	33	2	0	1	3	0	0	0	0	1	3	1	0	0	1	0	0	1	
25.8	50.6	21	64	1	1	4	0	0	1	0	0	0	0	0	0	0	1	2	0	1	0	1	3	
25.8	51.3	106	14	2	67	4	4	1	5	2	0	0	0	0	0	0	0	0	0	0	0	2	3	
25.85	43.4	15517	277	6	3	35	10	2	55	23	0	0	0	0	4	3	1	1	2	3	0	4	35	
25.85	43.5	11403	166	0	2	26	5	3	59	17	1	0	0	0	5	0	1	7	2	2	2	0	10	
25.85	45.3	1458	19	2	0	5	2	0	12	8	0	0	0	0	0	0	0	0	0	1	0	0	6	
25.85	49.5	72	71	1	1	33	16	0	0	0	0	4	0	0	0	3	2	2	0	0	0	0	6	
25.9	45.3	13193	126	1	2	31	17	1	38	21	20	0	0	0	3	3	3	3	1	20	2	4	17	
25.9	49.6	7807	106	12	0	11	1	1	16	12	1	0	0	0	5	2	4	2	11	1	0	1	5	
25.9	50.6	13	93	3	1	1	3	2	0	0	0	0	0	0	0	0	0	0	0	2	0	0	1	
25.95	43.7	6187	149	1	2	9	7	1	67	8	1	0	0	0	6	3	3	3	3	4	1	5	27	
25.95	50.5	280	59	1	2	7	2	2	4	2	0	0	0	0	0	2	0	2	0	4	0	2	5	
25.95	50.6	98	103	1	1	0	1	0	1	2	0	0	0	0	0	1	0	1	0	0	0	0	0	
26.0	43.7	2719	17	2	1	2	0	0	16	8	0	0	0	0	2	0	1	1	0	1	0	0	0	
26.0	44.9	2078	20	0	4	6	1	1	12	3	1	0	0	0	0	1	0	3	0	2	0	0	5	
26.0	50.4	1868	117	3	0	9	6	1	5	1	0	0	0	0	0	3	2	0	0	4	1	0	7	
26.0	50.5	850	466	5	6	76	6	7	11	7	0	0	0	0	4	1	1	45	0	10	0	3	9	
26.05	42.6	2809	14	0	0	32	0	0	3	1	0	0	0	0	1	0	0	0	0	1	0	0	1	
26.05	43.5	3506	24	3	1	14	5	1	9	5	0	0	0	0	12	2	2	2	0	2	1	1	4	
26.05	43.6	2058	16	2	2	14	1	1	6	4	0	0	0	0	1	3	0	0	0	1	0	0	15	
26.05	43.9	17965	273	8	3	39	45	2	79	32	1	0	0	0	2	2	3	9	0	6	2	5	14	
26.05	44.0	13476	142	8	2	23	156	0	48	46	1	0	0	0	6	3	1	0	0	8	0	4	24	
26.05	50.0	46	32	0	0	10	1	0	8	0	0	0	0	0	0	1	0	15	0	0	0	0	0	
26.05	50.1	67	41	0	1	12	8	0	2	2	0	1	0	0	0	1	0	0	0	0	0	0	6	
26.05	50.4	955	255	4	4	31	15	0	10	4	0	3	0	0	0	1	1	8	0	3	0	1	13	
26.05	50.5	7208	1001	18	19	93	206	12	34	6	1	0	0	0	11	22	19	10	2	52	5	7	102	
26.05	50.6	192	53	4	1	8	3	0	2	0	0	0	0	0	2	2	1	1	0	3	0	9	2	
26.1	43.6	5765	59	1	1	14	2	2	22	15	0	0	0	0	3	2	1	0	0	1	1	1	4	
26.1	43.9	4090	145	15	5	11	6	2	14	8	0	0	0	0	1	4	2	51	0	1	0	35	21	
26.1	44.0	3603	47	2	1	2	1	0	8	4	0	0	0	0	0	0	1	3	0	0	0	0	3	
26.1	50.0	253	228	2	1	63	3	20	18	0	0	0	0	0	2	1	0	3	0	4	0	3	5	
26.1	50.1	271	47	1	0	11	1	2	9	1	0	0	0	0	0	1	3	3	0	0	0	0	23	
26.1	50.4	4398	475	8	5	17	26	1	15	3	0	0	0	0	5	1	8	1	0	14	2	3	48	
26.1	50.5	31431	6620	99	150	429	383	63	127	74	2	5	4	0	77	151	84	194	4	249	21	47	423	
26.1	50.6	647	386	10	6	26	66	2	1	1	0	0	0	0	4	14	8	7	0	12	1	1	36	
26.15	50.0	444	86	0	3	12	6	2	53	4	0	0	0	0	0	1	2	3	0	3	0	0	4	
26.15	50.1	4029	920	6	5	44	13	0	27	12	0	0	0	0	2	13	4	8	1	7	5	2	27	
26.15	50.2	1313	70	0	1	2	2	1	10	0	0	0	0	0	0	1	0	1	0	2	0	0	1	
26.15	50.3	1241	975	1	3	91	20	3	36	10	0	0	0	0	1	2	0	15	0	1	0	3	10	
26.15	50.4	1626	926	16	10	44	22	7	18	5	0	1	0	0	3	6	11	13	0	27	2	3	48	
26.15	50.5	13183	5936	68	82	292	305	42	121	26	0	0	0	0	51	87	69	62	6	184	26	39	338	
26.15	50.6	1145	211	1	1	10	0	1	8	1	0	0	0	0	1	1	4	23	0	0	0	2	3	
26.200000000000003	36.4	2171	26	0	4	20	5	0	9	4	0	0	0	0	0	4	4	0	0	4	0	2	12	
26.200000000000003	49.9	506	41	0	0	13	1	1	4	2	0	0	0	0	0	0	0	0	5	0	0	0	5	
26.200000000000003	50.1	7275	465	6	24	93	33	7	59	39	0	0	0	0	9	19	15	15	1	28	1	3	37	
26.200000000000003	50.2	6527	429	7	4	16	9	1	63	8	0	0	0	0	4	15	10	4	0	13	0	13	15	
26.200000000000003	50.4	2212	872	12	18	54	38	5	13	4	0	0	0	0	7	18	11	6	0	22	4	4	76	
26.200000000000003	50.5	15123	9419	84	89	823	760	67	279	144	3	5	0	0	80	90	134	195	9	142	26	68	592	
26.200000000000003	50.6	8398	4572	85	39	231	204	49	43	70	2	1	0	8	36	102	63	71	4	151	10	19	260	
26.25	44.8	9413	99	1	1	18	2	2	23	28	0	0	0	0	0	0	2	1	1	6	1	0	10	
26.25	49.9	566	15	0	0	35	0	0	2	1	0	0	0	0	0	0	0	0	0	0	0	0	2	
26.25	50.0	62	43	0	0	2	2	0	1	1	0	0	0	0	3	0	0	0	0	0	0	0	0	
26.25	50.2	12273	258	4	1	25	9	1	60	18	0	0	0	0	2	2	7	2	1	3	2	4	14	
26.25	50.6	10968	2805	38	36	174	111	28	68	305	3	0	1	0	15	57	40	26	2	119	18	27	183	
26.3	43.7	2469	78	1	4	9	1	0	7	36	0	0	0	0	0	0	2	1	0	0	0	1	1	
26.3	43.8	1097	29	2	1	7	2	1	1	4	1	0	0	0	0	0	0	1	1	0	1	1	2	
26.3	43.9	20649	241	8	4	71	31	6	75	90	4	0	0	0	7	3	8	3	1	6	2	4	56	
26.3	44.0	12044	87	4	0	15	6	0	29	19	2	0	0	0	1	2	4	0	2	2	2	8	32	
26.3	44.8	9954	59	1	2	9	3	2	26	21	0	0	0	0	1	0	1	2	0	16	1	2	11	
26.35	43.8	7123	104	3	1	11	13	2	18	14	11	0	0	0	1	2	1	1	3	4	2	2	21	
26.35	43.9	47118	502	15	22	67	19	4	152	80	0	0	0	0	7	4	11	12	3	9	1	2	53	
26.4	43.9	6006	137	3	2	11	127	2	15	12	0	0	0	0	3	3	3	2	0	0	0	0	4	
26.950000000000003	38.2	0	0	0	615	6	0	0	0	0	0	0	0	0	0	0	0	0	0	0	0	0	2	
27.0	38.2	0	0	0	308	2	0	0	0	0	0	0	0	0	0	0	0	0	0	0	0	0	0	
27.0	38.3	0	0	0	676	2	0	0	0	0	0	0	0	0	0	0	0	0	0	0	0	0	0	
27.05	38.3	0	0	0	1225	4	0	0	0	0	0	0	0	0	0	0	0	0	0	0	1	0	7	
27.1	38.4	0	0	0	321	0	0	0	0	0	0	0	0	0	0	0	1	0	0	0	0	0	2	
27.35	41.6	83	45	0	0	0	0	1	0	1	0	0	0	0	0	0	3	3	0	1	0	1	4	
27.4	36.5	422	3	0	0	0	0	0	0	81	0	0	0	0	0	0	1	0	0	0	0	0	0	
27.450000000000003	41.6	16075	139	4	2	13	6	2	57	13	0	0	1	0	0	1	2	3	2	6	0	1	12	
27.450000000000003	41.7	8158	104	2	2	12	6	12	26	23	0	0	0	0	1	0	2	1	0	2	0	7	8	
27.450000000000003	48.4	6735	47	1	1	10	4	1	17	10	1	0	0	0	1	0	2	0	0	1	0	0	4	
27.5	41.6	33741	503	15	7	44	21	3	104	46	7	0	0	0	9	4	20	4	6	7	4	5	21	
27.5	41.7	12668	166	1	7	34	12	4	26	13	0	0	0	0	1	4	8	3	2	4	2	6	12	
27.55	41.6	7060	135	1	0	5	2	1	30	11	0	0	0	0	1	0	2	1	0	0	1	0	10	
27.55	41.7	8156	37	1	0	6	1	0	16	12	0	0	0	0	1	1	1	0	4	0	0	3	9	
27.6	38.5	10824	42	0	2	13	0	0	21	19	0	0	0	0	1	0	1	0	1	1	0	1	8	
27.6	47.3	88	46	0	7	2	2	1	0	0	0	0	0	0	1	0	0	1	0	2	0	2	4	
27.950000000000003	45.5	12056	82	1	0	7	3	0	27	25	0	0	0	0	3	5	7	2	2	4	0	0	7	
28.3	36.5	7451	50	0	1	9	3	1	23	9	0	0	0	0	0	0	0	1	0	1	0	0	5	
28.3	36.6	1440	25	1	1	3	12	1	2	3	0	0	0	0	0	0	2	0	0	0	0	0	1	
28.3	46.1	5959	47	1	0	10	4	2	27	6	0	0	0	0	4	0	0	0	0	5	0	0	4	
28.35	36.5	51730	789	14	6	102	34	13	164	87	7	0	0	0	9	8	14	9	19	22	3	10	49	
28.35	36.6	2489	17	0	1	4	0	0	11	5	37	0	0	0	0	0	1	0	0	0	1	0	3	
28.35	45.9	21358	84	2	1	8	5	1	130	55	2	0	0	0	3	3	7	1	1	3	0	3	9	
28.4	36.5	50827	473	12	44	109	24	6	133	80	6	0	0	0	9	5	9	113	20	5	0	13	53	
28.4	36.6	2614	11	6	0	14	3	0	9	1	0	0	0	0	0	0	0	4	1	0	0	2	0	
28.4	45.9	42115	365	8	26	50	15	5	87	85	11	0	0	0	6	3	31	69	9	10	4	4	123	
28.4	46.0	5213	31	0	0	4	4	0	14	6	0	1	0	0	2	0	4	0	0	2	0	1	9	
28.4	48.4	12806	142	5	9	30	23	2	43	27	1	0	0	0	2	3	2	2	4	6	0	4	19	
28.450000000000003	45.9	5853	55	2	0	6	0	0	18	9	0	0	0	0	2	0	0	1	0	2	0	2	8	
28.450000000000003	48.4	6154	36	1	3	8	1	1	16	19	0	0	0	0	1	3	1	0	1	1	0	0	9	
28.5	48.4	463	27	1	0	0	8	0	36	0	0	0	0	0	1	0	0	1	0	0	0	0	1	
28.55	48.0	793	82	0	3	11	4	1	11	3	0	0	0	0	0	4	3	5	0	2	2	1	19	
28.55	48.1	1515	145	3	4	24	7	1	23	7	0	0	0	0	2	2	9	2	0	28	2	5	16	
28.55	48.3	919	125	1	6	49	12	3	13	6	0	0	0	0	3	3	43	1	0	10	0	0	18	
28.55	48.4	149	58	1	0	6	2	0	0	4	0	0	0	0	1	1	22	0	0	2	0	0	5	
28.6	48.1	453	39	1	2	3	4	2	1	1	0	0	0	0	4	1	1	3	1	3	0	1	5	
28.6	48.3	2317	412	8	5	104	67	4	35	8	1	0	0	0	4	12	19	30	0	22	2	11	68	
28.65	48.2	690	135	1	11	11	5	4	9	1	4	0	0	0	1	0	10	1	0	9	0	3	12	
28.65	48.3	2549	629	8	12	365	46	5	228	13	0	0	0	0	6	16	25	14	0	52	5	13	80	
28.700000000000003	47.9	498	46	2	1	3	1	0	1	0	0	0	0	0	1	0	0	0	0	2	0	1	2	
28.700000000000003	48.2	2755	732	10	14	70	40	9	109	8	0	0	0	0	4	9	48	5	0	26	10	5	53	
28.700000000000003	48.3	420	103	1	3	15	1	2	3	3	0	0	0	0	0	8	2	3	0	8	1	0	17	
28.75	48.2	3279	436	18	13	142	65	7	34	9	0	0	0	0	4	22	23	12	0	25	5	5	58	
28.75	48.3	96	53	1	1	11	2	1	2	4	0	0	0	0	1	0	2	3	0	1	0	7	5	
28.8	40.8	0	0	0	380	2	0	0	0	0	0	0	0	0	0	0	0	0	0	0	0	0	0	
28.8	48.0	136	35	0	0	11	1	0	0	0	0	0	0	0	0	3	2	4	0	0	0	0	0	
28.8	48.2	2120	304	3	9	170	51	3	39	8	0	0	0	0	1	10	19	11	0	16	1	5	91	
28.85	40.8	0	0	0	345	3	0	0	0	0	0	0	0	0	0	0	0	0	0	0	0	0	1	
28.85	40.9	0	0	0	169	0	0	0	0	0	0	0	0	0	0	0	0	0	0	0	0	0	0	
28.85	48.1	936	589	1	2	22	6	1	10	1	0	0	0	0	0	2	4	3	0	6	0	3	12	
28.85	48.2	3870	846	23	21	580	48	7	65	14	1	0	0	0	11	18	139	7	0	38	3	7	181	
28.9	40.0	0	0	0	134	0	0	0	0	0	0	0	0	0	0	0	0	0	0	0	0	0	0	
28.9	40.9	0	0	0	697	11	0	0	0	0	0	0	0	0	0	0	0	0	0	0	0	0	0	
28.9	48.1	6323	360	7	16	94	29	6	32	12	1	10	0	0	3	9	14	20	0	24	4	8	38	
28.9	48.2	666	154	4	4	69	16	1	25	3	1	0	0	0	1	4	15	1	0	6	3	1	31	
28.950000000000003	40.0	0	0	0	268	0	0	0	0	0	0	0	0	0	0	0	0	0	0	0	0	0	1	
28.950000000000003	40.9	0	0	0	202	2	0	0	0	0	0	0	0	0	0	0	0	0	0	0	0	0	0	
28.950000000000003	47.9	185	39	0	0	4	0	0	4	5	0	0	0	0	0	0	0	0	0	0	0	0	0	
28.950000000000003	48.0	800	43	1	1	3	3	1	5	1	0	0	0	0	0	0	1	0	0	1	1	0	5	
28.950000000000003	48.1	11723	367	8	10	161	43	4	47	74	0	0	0	0	7	13	15	14	3	30	7	4	72	
29.0	40.1	2	0	0	191	0	0	0	0	0	0	0	0	0	0	0	0	0	0	0	0	0	0	
29.0	48.0	516	52	0	1	23	1	0	8	2	0	0	0	0	1	1	1	2	0	2	1	0	3	
29.0	48.1	1200	225	1	4	21	12	6	18	1	0	0	0	41	2	3	6	1	0	4	0	1	14	
29.05	40.1	6	0	0	69	0	0	0	0	0	0	0	0	0	0	0	0	0	0	0	0	0	0	
29.05	47.7	3271	266	11	40	69	36	7	51	7	3	0	0	0	3	10	2	15	0	15	1	10	18	
29.05	48.0	6877	665	14	30	159	46	8	79	20	7	0	0	0	5	18	10	10	0	32	1	8	108	
29.05	48.1	19001	1757	29	53	248	145	33	123	34	5	1	1	1	31	48	59	29	1	90	16	44	174	
29.1	47.7	2063	200	3	16	54	32	9	28	5	0	0	0	0	0	3	11	4	0	26	5	2	35	
29.1	47.8	1044	168	5	2	25	19	2	13	3	0	0	0	0	1	3	3	0	0	13	3	0	14	
29.1	48.0	12278	913	24	43	224	74	12	112	23	2	0	0	0	13	52	30	16	1	93	14	13	139	
29.1	48.1	46096	4520	121	139	802	542	72	352	93	19	0	0	2	91	166	136	113	4	332	58	55	536	
29.15	47.8	870	48	0	0	4	9	1	3	2	0	0	0	0	0	1	0	0	0	2	0	2	3	
29.15	47.9	251	58	1	0	5	0	0	8	0	0	0	0	0	2	0	1	1	0	1	0	0	4	
29.15	48.0	60686	5519	165	218	810	422	103	595	174	25	2	0	0	104	190	250	141	4	439	72	86	679	
29.15	48.1	23968	3276	90	98	644	278	62	207	40	1	0	0	0	65	124	102	35	1	261	38	61	344	
29.200000000000003	47.8	13370	1010	43	60	231	78	26	84	20	1	0	0	0	21	58	59	23	0	96	18	32	166	
29.200000000000003	47.9	27850	4632	70	170	543	1476	45	978	113	5	1	0	2	51	112	130	56	3	215	21	81	396	
29.200000000000003	48.0	76087	7295	199	311	1243	509	129	658	177	19	1	7	5	92	255	227	128	17	549	72	144	748	
29.200000000000003	48.1	841	1257	3	18	153	14	19	38	7	0	0	0	0	3	2	10	15	0	13	3	9	70	
29.25	47.7	1850	94	1	1	11	3	5	11	0	1	0	0	0	3	1	0	2	0	8	0	1	4	
29.25	47.8	63553	3822	150	116	469	264	71	395	102	14	0	4	0	87	157	117	69	9	222	39	112	429	
29.25	47.9	73485	12880	224	340	1788	1050	206	639	169	7	1	2	27	127	413	391	245	9	593	89	174	1135	
29.25	48.0	147496	28113	731	836	3829	2298	405	1594	298	9	2	1	0	385	1232	855	432	18	1767	264	309	2961	
29.3	47.5	2258	109	2	0	12	1	1	10	5	1	0	0	0	0	0	2	3	0	0	0	0	10	
29.3	47.6	42922	2187	31	41	188	81	17	187	40	30	0	0	1	15	23	39	20	2	70	23	24	150	
29.3	47.7	41217	3454	103	317	647	280	60	278	69	5	0	4	0	71	187	143	92	3	285	51	51	377	
29.3	47.8	42237	3286	129	133	632	268	67	252	79	7	0	0	0	56	176	145	180	2	312	45	50	493	
29.3	47.9	85298	28305	429	611	3356	1791	327	1581	367	15	0	1	0	213	613	650	414	21	934	151	248	2150	
29.3	48.0	161980	49954	941	1538	5092	3809	672	2859	380	12	12	0	0	529	1381	1112	601	44	2127	358	465	3846	
29.35	47.5	59	67	0	1	0	0	0	1	0	0	0	0	0	0	0	0	1	0	0	0	0	1	
29.35	47.6	8103	232	6	13	33	18	5	52	7	3	0	1	0	2	13	5	2	0	17	1	7	30	
29.35	47.9	37258	11427	160	210	1439	837	125	836	223	37	11	0	1	111	206	232	221	68	285	54	150	762	
29.35	48.0	17379	4247	107	104	567	456	65	303	76	1	29	0	0	48	135	101	80	8	161	39	52	310	
29.4	47.6	1614	34	0	1	5	1	0	18	4	0	0	0	0	0	1	0	0	0	3	1	3	8	
29.4	47.7	1302	120	0	4	22	13	1	10	4	1	0	0	0	0	1	1	0	0	5	4	2	5	
29.450000000000003	47.6	1240	27	2	2	2	0	1	3	6	6	0	0	0	0	1	0	0	0	1	0	0	2	
29.6	43.5	15589	124	9	5	14	1	0	47	21	2	0	0	0	7	0	5	5	0	3	0	5	22	
29.65	47.4	11	322	4	0	3	1	0	0	0	0	0	0	0	1	1	2	0	0	5	4	1	3	
29.8	39.8	6011	40	2	1	3	6	2	32	8	0	0	0	0	0	0	0	5	0	2	0	0	6	
29.85	40.2	8207	42	3	0	12	3	0	12	11	2	0	0	0	1	0	0	1	0	3	0	2	3	
29.9	40.1	7180	198	4	1	15	5	2	46	6	1	0	0	0	6	3	6	8	0	1	2	1	23	
29.9	40.2	6218	26	0	1	34	4	1	15	5	1	0	0	0	1	2	1	2	3	0	0	1	12	
29.950000000000003	40.1	6247	71	4	12	6	6	0	109	35	1	0	0	0	3	0	3	1	2	4	0	0	9	
29.950000000000003	40.2	14728	85	1	1	7	2	0	25	34	5	0	0	0	2	1	2	1	0	1	0	0	7	
29.950000000000003	47.7	415	23	1	1	9	9	2	2	0	0	0	0	0	1	4	2	1	0	0	1	1	7	
30.0	47.7	1048	150	2	4	18	5	1	6	2	0	0	0	0	3	4	3	2	1	6	0	0	12	
30.05	47.7	416	42	2	3	6	4	2	1	1	0	0	0	0	2	4	0	1	0	3	0	0	3	
30.3	48.2	6	0	0	0	3	0	0	349	0	0	0	0	0	0	0	0	0	0	0	0	0	0	
30.3	48.3	25	2	0	0	0	1	0	319	1	0	0	0	0	0	0	0	0	0	0	0	0	3	
30.35	47.6	841	519	3	0	3	5	1	1	0	0	0	0	0	0	1	0	0	0	0	0	0	2	
30.35	48.2	6	10	0	0	1	0	0	257	0	0	0	0	0	0	1	0	0	0	0	0	0	4	
30.4	47.6	122	94	0	0	0	0	0	1	2	0	0	0	0	0	0	0	0	0	0	0	0	1	
30.450000000000003	38.2	1766	21	3	1	5	3	0	9	3	0	0	0	0	0	0	1	0	1	1	0	0	5	
30.450000000000003	47.8	1737	55	4	0	9	2	0	22	1	0	0	0	0	0	0	0	1	0	1	0	0	2	
30.5	47.7	1503	16	4	0	0	2	1	13	5	0	0	0	0	2	0	0	0	0	4	0	1	5	
30.5	47.8	2676	591	12	13	19	12	6	66	11	0	0	0	0	2	2	3	94	0	15	0	13	31	
30.55	47.2	95	47	0	0	0	1	0	0	0	0	0	0	0	0	0	1	0	0	0	0	0	2	
30.55	47.7	1315	34	1	3	1	2	0	23	1	0	0	0	0	0	1	0	0	0	0	0	0	4	
30.950000000000003	41.0	44670	732	10	2	43	31	4	91	47	1	0	0	0	6	7	9	49	14	19	1	5	20	
31.0	46.2	1451	38	1	0	5	0	2	32	1	0	0	0	0	1	0	3	1	0	1	0	0	9	
31.3	37.3	19073	220	48	55	171	16	5	66	51	43	0	0	2	9	3	7	7	6	16	1	8	42	
31.65	38.6	9453	76	0	0	15	2	0	16	12	0	0	0	0	5	2	0	0	0	2	1	1	8	
31.950000000000003	44.3	1254	66	1	1	8	3	0	18	2	0	0	0	0	1	6	0	1	0	0	0	1	12	
